ITL,ITL_code,Region_name,Year,GDP_Value_mil
UK,UK,United Kingdom,1998,1670654
UK,UK,United Kingdom,1999,1721748
UK,UK,United Kingdom,2000,1796500
UK,UK,United Kingdom,2001,1842720
UK,UK,United Kingdom,2002,1875809
UK,UK,United Kingdom,2003,1934941
UK,UK,United Kingdom,2004,1982500
UK,UK,United Kingdom,2005,2036675
UK,UK,United Kingdom,2006,2085162
UK,UK,United Kingdom,2007,2139895
UK,UK,United Kingdom,2008,2134571
UK,UK,United Kingdom,2009,2035942
UK,UK,United Kingdom,2010,2081411
UK,UK,United Kingdom,2011,2105105
UK,UK,United Kingdom,2012,2136871
UK,UK,United Kingdom,2013,2175333
UK,UK,United Kingdom,2014,2244827
UK,UK,United Kingdom,2015,2294727
UK,UK,United Kingdom,2016,2338825
UK,UK,United Kingdom,2017,2400956
UK,UK,United Kingdom,2018,2434694
UK,UK,United Kingdom,2019,2474245
UK,UK,United Kingdom,2020,2219474
UK,UK,United Kingdom,2021,2409815
UK,UK,United Kingdom,2022,2526428
UK,UK,United Kingdom,2023,2535017
Other,TLB,England,1998,1370826
Other,TLB,England,1999,1416697
Other,TLB,England,2000,1481703
Other,TLB,England,2001,1519358
Other,TLB,England,2002,1550059
Other,TLB,England,2003,1601027
Other,TLB,England,2004,1641470
Other,TLB,England,2005,1689212
Other,TLB,England,2006,1735147
Other,TLB,England,2007,1786580
Other,TLB,England,2008,1785435
Other,TLB,England,2009,1700165
Other,TLB,England,2010,1747657
Other,TLB,England,2011,1774290
Other,TLB,England,2012,1808090
Other,TLB,England,2013,1846097
Other,TLB,England,2014,1908298
Other,TLB,England,2015,1951266
Other,TLB,England,2016,1989223
Other,TLB,England,2017,2041975
Other,TLB,England,2018,2072220
Other,TLB,England,2019,2104871
Other,TLB,England,2020,1888350
Other,TLB,England,2021,2054211
Other,TLB,England,2022,2157344
Other,TLB,England,2023,2168108
ITL1,TLC,North East,1998,49818
ITL1,TLC,North East,1999,50618
ITL1,TLC,North East,2000,51909
ITL1,TLC,North East,2001,54212
ITL1,TLC,North East,2002,56590
ITL1,TLC,North East,2003,58573
ITL1,TLC,North East,2004,61816
ITL1,TLC,North East,2005,62485
ITL1,TLC,North East,2006,64128
ITL1,TLC,North East,2007,64125
ITL1,TLC,North East,2008,63388
ITL1,TLC,North East,2009,61083
ITL1,TLC,North East,2010,61831
ITL1,TLC,North East,2011,62595
ITL1,TLC,North East,2012,63750
ITL1,TLC,North East,2013,63610
ITL1,TLC,North East,2014,64854
ITL1,TLC,North East,2015,67132
ITL1,TLC,North East,2016,66948
ITL1,TLC,North East,2017,68304
ITL1,TLC,North East,2018,69096
ITL1,TLC,North East,2019,70548
ITL1,TLC,North East,2020,62081
ITL1,TLC,North East,2021,68206
ITL1,TLC,North East,2022,71092
ITL1,TLC,North East,2023,72333
ITL2,TLC3,Tees Valley,1998,12152
ITL2,TLC3,Tees Valley,1999,12614
ITL2,TLC3,Tees Valley,2000,13078
ITL2,TLC3,Tees Valley,2001,13395
ITL2,TLC3,Tees Valley,2002,13873
ITL2,TLC3,Tees Valley,2003,14654
ITL2,TLC3,Tees Valley,2004,15313
ITL2,TLC3,Tees Valley,2005,15279
ITL2,TLC3,Tees Valley,2006,15748
ITL2,TLC3,Tees Valley,2007,15755
ITL2,TLC3,Tees Valley,2008,15675
ITL2,TLC3,Tees Valley,2009,15336
ITL2,TLC3,Tees Valley,2010,15475
ITL2,TLC3,Tees Valley,2011,15524
ITL2,TLC3,Tees Valley,2012,15830
ITL2,TLC3,Tees Valley,2013,15805
ITL2,TLC3,Tees Valley,2014,16450
ITL2,TLC3,Tees Valley,2015,17437
ITL2,TLC3,Tees Valley,2016,17374
ITL2,TLC3,Tees Valley,2017,17230
ITL2,TLC3,Tees Valley,2018,17486
ITL2,TLC3,Tees Valley,2019,17556
ITL2,TLC3,Tees Valley,2020,15819
ITL2,TLC3,Tees Valley,2021,17196
ITL2,TLC3,Tees Valley,2022,17912
ITL2,TLC3,Tees Valley,2023,17679
ITL3,TLC31,Hartlepool and Stockton-on-Tees,1998,6516
ITL3,TLC31,Hartlepool and Stockton-on-Tees,1999,6812
ITL3,TLC31,Hartlepool and Stockton-on-Tees,2000,6864
ITL3,TLC31,Hartlepool and Stockton-on-Tees,2001,6947
ITL3,TLC31,Hartlepool and Stockton-on-Tees,2002,7135
ITL3,TLC31,Hartlepool and Stockton-on-Tees,2003,7453
ITL3,TLC31,Hartlepool and Stockton-on-Tees,2004,7748
ITL3,TLC31,Hartlepool and Stockton-on-Tees,2005,7643
ITL3,TLC31,Hartlepool and Stockton-on-Tees,2006,7916
ITL3,TLC31,Hartlepool and Stockton-on-Tees,2007,8043
ITL3,TLC31,Hartlepool and Stockton-on-Tees,2008,7794
ITL3,TLC31,Hartlepool and Stockton-on-Tees,2009,7648
ITL3,TLC31,Hartlepool and Stockton-on-Tees,2010,7696
ITL3,TLC31,Hartlepool and Stockton-on-Tees,2011,7575
ITL3,TLC31,Hartlepool and Stockton-on-Tees,2012,7695
ITL3,TLC31,Hartlepool and Stockton-on-Tees,2013,7757
ITL3,TLC31,Hartlepool and Stockton-on-Tees,2014,7830
ITL3,TLC31,Hartlepool and Stockton-on-Tees,2015,8300
ITL3,TLC31,Hartlepool and Stockton-on-Tees,2016,8400
ITL3,TLC31,Hartlepool and Stockton-on-Tees,2017,8212
ITL3,TLC31,Hartlepool and Stockton-on-Tees,2018,8152
ITL3,TLC31,Hartlepool and Stockton-on-Tees,2019,8316
ITL3,TLC31,Hartlepool and Stockton-on-Tees,2020,7758
ITL3,TLC31,Hartlepool and Stockton-on-Tees,2021,8178
ITL3,TLC31,Hartlepool and Stockton-on-Tees,2022,8380
ITL3,TLC31,Hartlepool and Stockton-on-Tees,2023,8086
ITL3,TLC32,South Teesside,1998,5183
ITL3,TLC32,South Teesside,1999,5302
ITL3,TLC32,South Teesside,2000,5378
ITL3,TLC32,South Teesside,2001,5333
ITL3,TLC32,South Teesside,2002,5435
ITL3,TLC32,South Teesside,2003,5689
ITL3,TLC32,South Teesside,2004,5835
ITL3,TLC32,South Teesside,2005,5884
ITL3,TLC32,South Teesside,2006,6005
ITL3,TLC32,South Teesside,2007,5942
ITL3,TLC32,South Teesside,2008,5921
ITL3,TLC32,South Teesside,2009,5827
ITL3,TLC32,South Teesside,2010,5786
ITL3,TLC32,South Teesside,2011,5810
ITL3,TLC32,South Teesside,2012,5944
ITL3,TLC32,South Teesside,2013,5808
ITL3,TLC32,South Teesside,2014,5941
ITL3,TLC32,South Teesside,2015,6144
ITL3,TLC32,South Teesside,2016,6111
ITL3,TLC32,South Teesside,2017,6084
ITL3,TLC32,South Teesside,2018,6332
ITL3,TLC32,South Teesside,2019,6276
ITL3,TLC32,South Teesside,2020,5463
ITL3,TLC32,South Teesside,2021,6101
ITL3,TLC32,South Teesside,2022,6460
ITL3,TLC32,South Teesside,2023,6428
ITL3,TLC33,Darlington,1998,1154
ITL3,TLC33,Darlington,1999,1215
ITL3,TLC33,Darlington,2000,1387
ITL3,TLC33,Darlington,2001,1532
ITL3,TLC33,Darlington,2002,1669
ITL3,TLC33,Darlington,2003,1825
ITL3,TLC33,Darlington,2004,1989
ITL3,TLC33,Darlington,2005,1988
ITL3,TLC33,Darlington,2006,2067
ITL3,TLC33,Darlington,2007,2037
ITL3,TLC33,Darlington,2008,2149
ITL3,TLC33,Darlington,2009,2065
ITL3,TLC33,Darlington,2010,2160
ITL3,TLC33,Darlington,2011,2256
ITL3,TLC33,Darlington,2012,2314
ITL3,TLC33,Darlington,2013,2348
ITL3,TLC33,Darlington,2014,2707
ITL3,TLC33,Darlington,2015,2987
ITL3,TLC33,Darlington,2016,2885
ITL3,TLC33,Darlington,2017,2932
ITL3,TLC33,Darlington,2018,2995
ITL3,TLC33,Darlington,2019,2970
ITL3,TLC33,Darlington,2020,2603
ITL3,TLC33,Darlington,2021,2919
ITL3,TLC33,Darlington,2022,3072
ITL3,TLC33,Darlington,2023,3161
ITL2,TLC4,"Northumberland, Durham and Tyne & Wear",1998,37453
ITL2,TLC4,"Northumberland, Durham and Tyne & Wear",1999,37623
ITL2,TLC4,"Northumberland, Durham and Tyne & Wear",2000,38446
ITL2,TLC4,"Northumberland, Durham and Tyne & Wear",2001,40455
ITL2,TLC4,"Northumberland, Durham and Tyne & Wear",2002,42314
ITL2,TLC4,"Northumberland, Durham and Tyne & Wear",2003,43583
ITL2,TLC4,"Northumberland, Durham and Tyne & Wear",2004,46124
ITL2,TLC4,"Northumberland, Durham and Tyne & Wear",2005,46827
ITL2,TLC4,"Northumberland, Durham and Tyne & Wear",2006,48049
ITL2,TLC4,"Northumberland, Durham and Tyne & Wear",2007,48070
ITL2,TLC4,"Northumberland, Durham and Tyne & Wear",2008,47425
ITL2,TLC4,"Northumberland, Durham and Tyne & Wear",2009,45433
ITL2,TLC4,"Northumberland, Durham and Tyne & Wear",2010,46071
ITL2,TLC4,"Northumberland, Durham and Tyne & Wear",2011,46839
ITL2,TLC4,"Northumberland, Durham and Tyne & Wear",2012,47599
ITL2,TLC4,"Northumberland, Durham and Tyne & Wear",2013,47458
ITL2,TLC4,"Northumberland, Durham and Tyne & Wear",2014,48146
ITL2,TLC4,"Northumberland, Durham and Tyne & Wear",2015,49465
ITL2,TLC4,"Northumberland, Durham and Tyne & Wear",2016,49423
ITL2,TLC4,"Northumberland, Durham and Tyne & Wear",2017,50901
ITL2,TLC4,"Northumberland, Durham and Tyne & Wear",2018,51455
ITL2,TLC4,"Northumberland, Durham and Tyne & Wear",2019,52756
ITL2,TLC4,"Northumberland, Durham and Tyne & Wear",2020,46081
ITL2,TLC4,"Northumberland, Durham and Tyne & Wear",2021,50977
ITL2,TLC4,"Northumberland, Durham and Tyne & Wear",2022,53180
ITL2,TLC4,"Northumberland, Durham and Tyne & Wear",2023,54668
ITL3,TLC41,Durham,1998,9268
ITL3,TLC41,Durham,1999,9619
ITL3,TLC41,Durham,2000,9754
ITL3,TLC41,Durham,2001,9989
ITL3,TLC41,Durham,2002,10270
ITL3,TLC41,Durham,2003,10655
ITL3,TLC41,Durham,2004,11164
ITL3,TLC41,Durham,2005,11186
ITL3,TLC41,Durham,2006,11492
ITL3,TLC41,Durham,2007,11720
ITL3,TLC41,Durham,2008,11655
ITL3,TLC41,Durham,2009,11282
ITL3,TLC41,Durham,2010,11311
ITL3,TLC41,Durham,2011,11072
ITL3,TLC41,Durham,2012,11159
ITL3,TLC41,Durham,2013,11051
ITL3,TLC41,Durham,2014,10896
ITL3,TLC41,Durham,2015,10972
ITL3,TLC41,Durham,2016,10734
ITL3,TLC41,Durham,2017,10997
ITL3,TLC41,Durham,2018,11369
ITL3,TLC41,Durham,2019,11654
ITL3,TLC41,Durham,2020,11104
ITL3,TLC41,Durham,2021,11972
ITL3,TLC41,Durham,2022,12211
ITL3,TLC41,Durham,2023,12815
ITL3,TLC42,Northumberland,1998,5728
ITL3,TLC42,Northumberland,1999,5755
ITL3,TLC42,Northumberland,2000,5802
ITL3,TLC42,Northumberland,2001,6037
ITL3,TLC42,Northumberland,2002,6359
ITL3,TLC42,Northumberland,2003,6467
ITL3,TLC42,Northumberland,2004,6790
ITL3,TLC42,Northumberland,2005,6827
ITL3,TLC42,Northumberland,2006,7011
ITL3,TLC42,Northumberland,2007,6941
ITL3,TLC42,Northumberland,2008,6845
ITL3,TLC42,Northumberland,2009,6538
ITL3,TLC42,Northumberland,2010,6636
ITL3,TLC42,Northumberland,2011,6687
ITL3,TLC42,Northumberland,2012,6698
ITL3,TLC42,Northumberland,2013,6673
ITL3,TLC42,Northumberland,2014,6815
ITL3,TLC42,Northumberland,2015,6870
ITL3,TLC42,Northumberland,2016,6833
ITL3,TLC42,Northumberland,2017,6897
ITL3,TLC42,Northumberland,2018,6916
ITL3,TLC42,Northumberland,2019,7169
ITL3,TLC42,Northumberland,2020,6248
ITL3,TLC42,Northumberland,2021,6802
ITL3,TLC42,Northumberland,2022,7106
ITL3,TLC42,Northumberland,2023,7121
ITL3,TLC43,Tyneside,1998,16539
ITL3,TLC43,Tyneside,1999,16388
ITL3,TLC43,Tyneside,2000,16850
ITL3,TLC43,Tyneside,2001,17789
ITL3,TLC43,Tyneside,2002,18788
ITL3,TLC43,Tyneside,2003,19314
ITL3,TLC43,Tyneside,2004,20596
ITL3,TLC43,Tyneside,2005,21093
ITL3,TLC43,Tyneside,2006,21680
ITL3,TLC43,Tyneside,2007,21569
ITL3,TLC43,Tyneside,2008,21115
ITL3,TLC43,Tyneside,2009,20110
ITL3,TLC43,Tyneside,2010,20713
ITL3,TLC43,Tyneside,2011,21483
ITL3,TLC43,Tyneside,2012,22095
ITL3,TLC43,Tyneside,2013,21725
ITL3,TLC43,Tyneside,2014,22228
ITL3,TLC43,Tyneside,2015,23026
ITL3,TLC43,Tyneside,2016,23309
ITL3,TLC43,Tyneside,2017,24217
ITL3,TLC43,Tyneside,2018,24464
ITL3,TLC43,Tyneside,2019,25086
ITL3,TLC43,Tyneside,2020,21303
ITL3,TLC43,Tyneside,2021,24350
ITL3,TLC43,Tyneside,2022,25749
ITL3,TLC43,Tyneside,2023,26425
ITL3,TLC44,Sunderland,1998,6101
ITL3,TLC44,Sunderland,1999,6060
ITL3,TLC44,Sunderland,2000,6256
ITL3,TLC44,Sunderland,2001,6813
ITL3,TLC44,Sunderland,2002,7090
ITL3,TLC44,Sunderland,2003,7304
ITL3,TLC44,Sunderland,2004,7741
ITL3,TLC44,Sunderland,2005,7813
ITL3,TLC44,Sunderland,2006,7990
ITL3,TLC44,Sunderland,2007,7947
ITL3,TLC44,Sunderland,2008,7975
ITL3,TLC44,Sunderland,2009,7663
ITL3,TLC44,Sunderland,2010,7555
ITL3,TLC44,Sunderland,2011,7720
ITL3,TLC44,Sunderland,2012,7706
ITL3,TLC44,Sunderland,2013,8132
ITL3,TLC44,Sunderland,2014,8292
ITL3,TLC44,Sunderland,2015,8635
ITL3,TLC44,Sunderland,2016,8600
ITL3,TLC44,Sunderland,2017,8815
ITL3,TLC44,Sunderland,2018,8737
ITL3,TLC44,Sunderland,2019,8891
ITL3,TLC44,Sunderland,2020,7448
ITL3,TLC44,Sunderland,2021,7859
ITL3,TLC44,Sunderland,2022,8115
ITL3,TLC44,Sunderland,2023,8311
ITL1,TLD,North West,1998,159988
ITL1,TLD,North West,1999,165674
ITL1,TLD,North West,2000,169110
ITL1,TLD,North West,2001,176086
ITL1,TLD,North West,2002,180678
ITL1,TLD,North West,2003,186450
ITL1,TLD,North West,2004,193064
ITL1,TLD,North West,2005,197063
ITL1,TLD,North West,2006,202868
ITL1,TLD,North West,2007,206154
ITL1,TLD,North West,2008,204004
ITL1,TLD,North West,2009,196902
ITL1,TLD,North West,2010,200737
ITL1,TLD,North West,2011,200320
ITL1,TLD,North West,2012,203751
ITL1,TLD,North West,2013,206945
ITL1,TLD,North West,2014,212612
ITL1,TLD,North West,2015,218800
ITL1,TLD,North West,2016,221953
ITL1,TLD,North West,2017,228903
ITL1,TLD,North West,2018,231192
ITL1,TLD,North West,2019,236373
ITL1,TLD,North West,2020,215642
ITL1,TLD,North West,2021,235266
ITL1,TLD,North West,2022,249369
ITL1,TLD,North West,2023,252093
ITL2,TLD1,Cumbria,1998,12137
ITL2,TLD1,Cumbria,1999,12474
ITL2,TLD1,Cumbria,2000,12257
ITL2,TLD1,Cumbria,2001,12147
ITL2,TLD1,Cumbria,2002,12546
ITL2,TLD1,Cumbria,2003,13127
ITL2,TLD1,Cumbria,2004,13298
ITL2,TLD1,Cumbria,2005,13593
ITL2,TLD1,Cumbria,2006,14270
ITL2,TLD1,Cumbria,2007,14162
ITL2,TLD1,Cumbria,2008,14522
ITL2,TLD1,Cumbria,2009,13767
ITL2,TLD1,Cumbria,2010,13911
ITL2,TLD1,Cumbria,2011,13555
ITL2,TLD1,Cumbria,2012,14004
ITL2,TLD1,Cumbria,2013,14137
ITL2,TLD1,Cumbria,2014,14730
ITL2,TLD1,Cumbria,2015,15078
ITL2,TLD1,Cumbria,2016,14928
ITL2,TLD1,Cumbria,2017,15084
ITL2,TLD1,Cumbria,2018,14876
ITL2,TLD1,Cumbria,2019,15407
ITL2,TLD1,Cumbria,2020,13586
ITL2,TLD1,Cumbria,2021,14223
ITL2,TLD1,Cumbria,2022,15450
ITL2,TLD1,Cumbria,2023,15593
ITL3,TLD13,Cumberland,1998,6707
ITL3,TLD13,Cumberland,1999,7166
ITL3,TLD13,Cumberland,2000,6790
ITL3,TLD13,Cumberland,2001,6825
ITL3,TLD13,Cumberland,2002,6928
ITL3,TLD13,Cumberland,2003,7153
ITL3,TLD13,Cumberland,2004,7093
ITL3,TLD13,Cumberland,2005,7387
ITL3,TLD13,Cumberland,2006,7849
ITL3,TLD13,Cumberland,2007,7703
ITL3,TLD13,Cumberland,2008,7887
ITL3,TLD13,Cumberland,2009,7642
ITL3,TLD13,Cumberland,2010,7657
ITL3,TLD13,Cumberland,2011,7423
ITL3,TLD13,Cumberland,2012,7654
ITL3,TLD13,Cumberland,2013,7870
ITL3,TLD13,Cumberland,2014,8282
ITL3,TLD13,Cumberland,2015,8501
ITL3,TLD13,Cumberland,2016,8235
ITL3,TLD13,Cumberland,2017,8030
ITL3,TLD13,Cumberland,2018,7856
ITL3,TLD13,Cumberland,2019,7907
ITL3,TLD13,Cumberland,2020,6747
ITL3,TLD13,Cumberland,2021,6971
ITL3,TLD13,Cumberland,2022,7624
ITL3,TLD13,Cumberland,2023,7634
ITL3,TLD14,Westmorland and Furness,1998,5491
ITL3,TLD14,Westmorland and Furness,1999,5518
ITL3,TLD14,Westmorland and Furness,2000,5669
ITL3,TLD14,Westmorland and Furness,2001,5573
ITL3,TLD14,Westmorland and Furness,2002,5881
ITL3,TLD14,Westmorland and Furness,2003,6206
ITL3,TLD14,Westmorland and Furness,2004,6375
ITL3,TLD14,Westmorland and Furness,2005,6365
ITL3,TLD14,Westmorland and Furness,2006,6683
ITL3,TLD14,Westmorland and Furness,2007,6708
ITL3,TLD14,Westmorland and Furness,2008,6816
ITL3,TLD14,Westmorland and Furness,2009,6514
ITL3,TLD14,Westmorland and Furness,2010,6617
ITL3,TLD14,Westmorland and Furness,2011,6566
ITL3,TLD14,Westmorland and Furness,2012,6729
ITL3,TLD14,Westmorland and Furness,2013,6709
ITL3,TLD14,Westmorland and Furness,2014,6884
ITL3,TLD14,Westmorland and Furness,2015,7079
ITL3,TLD14,Westmorland and Furness,2016,7016
ITL3,TLD14,Westmorland and Furness,2017,7273
ITL3,TLD14,Westmorland and Furness,2018,7250
ITL3,TLD14,Westmorland and Furness,2019,7722
ITL3,TLD14,Westmorland and Furness,2020,7064
ITL3,TLD14,Westmorland and Furness,2021,7484
ITL3,TLD14,Westmorland and Furness,2022,7826
ITL3,TLD14,Westmorland and Furness,2023,7934
ITL2,TLD3,Greater Manchester,1998,58465
ITL2,TLD3,Greater Manchester,1999,60697
ITL2,TLD3,Greater Manchester,2000,62125
ITL2,TLD3,Greater Manchester,2001,64271
ITL2,TLD3,Greater Manchester,2002,65830
ITL2,TLD3,Greater Manchester,2003,67412
ITL2,TLD3,Greater Manchester,2004,69631
ITL2,TLD3,Greater Manchester,2005,71898
ITL2,TLD3,Greater Manchester,2006,73688
ITL2,TLD3,Greater Manchester,2007,76182
ITL2,TLD3,Greater Manchester,2008,75166
ITL2,TLD3,Greater Manchester,2009,73538
ITL2,TLD3,Greater Manchester,2010,74915
ITL2,TLD3,Greater Manchester,2011,74517
ITL2,TLD3,Greater Manchester,2012,76953
ITL2,TLD3,Greater Manchester,2013,78710
ITL2,TLD3,Greater Manchester,2014,79948
ITL2,TLD3,Greater Manchester,2015,82885
ITL2,TLD3,Greater Manchester,2016,84237
ITL2,TLD3,Greater Manchester,2017,88498
ITL2,TLD3,Greater Manchester,2018,90695
ITL2,TLD3,Greater Manchester,2019,92500
ITL2,TLD3,Greater Manchester,2020,86019
ITL2,TLD3,Greater Manchester,2021,93174
ITL2,TLD3,Greater Manchester,2022,100956
ITL2,TLD3,Greater Manchester,2023,102300
ITL3,TLD33,Manchester,1998,15272
ITL3,TLD33,Manchester,1999,15750
ITL3,TLD33,Manchester,2000,16148
ITL3,TLD33,Manchester,2001,16743
ITL3,TLD33,Manchester,2002,17251
ITL3,TLD33,Manchester,2003,17796
ITL3,TLD33,Manchester,2004,18665
ITL3,TLD33,Manchester,2005,19765
ITL3,TLD33,Manchester,2006,20386
ITL3,TLD33,Manchester,2007,21721
ITL3,TLD33,Manchester,2008,21734
ITL3,TLD33,Manchester,2009,21368
ITL3,TLD33,Manchester,2010,22053
ITL3,TLD33,Manchester,2011,22099
ITL3,TLD33,Manchester,2012,22930
ITL3,TLD33,Manchester,2013,23081
ITL3,TLD33,Manchester,2014,23483
ITL3,TLD33,Manchester,2015,24450
ITL3,TLD33,Manchester,2016,25597
ITL3,TLD33,Manchester,2017,27721
ITL3,TLD33,Manchester,2018,28306
ITL3,TLD33,Manchester,2019,29791
ITL3,TLD33,Manchester,2020,27007
ITL3,TLD33,Manchester,2021,29958
ITL3,TLD33,Manchester,2022,34392
ITL3,TLD33,Manchester,2023,35224
ITL3,TLD34,Greater Manchester South West,1998,12860
ITL3,TLD34,Greater Manchester South West,1999,13298
ITL3,TLD34,Greater Manchester South West,2000,13625
ITL3,TLD34,Greater Manchester South West,2001,14098
ITL3,TLD34,Greater Manchester South West,2002,14528
ITL3,TLD34,Greater Manchester South West,2003,14866
ITL3,TLD34,Greater Manchester South West,2004,15284
ITL3,TLD34,Greater Manchester South West,2005,15786
ITL3,TLD34,Greater Manchester South West,2006,16127
ITL3,TLD34,Greater Manchester South West,2007,16760
ITL3,TLD34,Greater Manchester South West,2008,16642
ITL3,TLD34,Greater Manchester South West,2009,16015
ITL3,TLD34,Greater Manchester South West,2010,16269
ITL3,TLD34,Greater Manchester South West,2011,16152
ITL3,TLD34,Greater Manchester South West,2012,16880
ITL3,TLD34,Greater Manchester South West,2013,17610
ITL3,TLD34,Greater Manchester South West,2014,18195
ITL3,TLD34,Greater Manchester South West,2015,18922
ITL3,TLD34,Greater Manchester South West,2016,18779
ITL3,TLD34,Greater Manchester South West,2017,19465
ITL3,TLD34,Greater Manchester South West,2018,20419
ITL3,TLD34,Greater Manchester South West,2019,20808
ITL3,TLD34,Greater Manchester South West,2020,20183
ITL3,TLD34,Greater Manchester South West,2021,22018
ITL3,TLD34,Greater Manchester South West,2022,23271
ITL3,TLD34,Greater Manchester South West,2023,23052
ITL3,TLD35,Greater Manchester South East,1998,9739
ITL3,TLD35,Greater Manchester South East,1999,10156
ITL3,TLD35,Greater Manchester South East,2000,10486
ITL3,TLD35,Greater Manchester South East,2001,10792
ITL3,TLD35,Greater Manchester South East,2002,11080
ITL3,TLD35,Greater Manchester South East,2003,11350
ITL3,TLD35,Greater Manchester South East,2004,11545
ITL3,TLD35,Greater Manchester South East,2005,11786
ITL3,TLD35,Greater Manchester South East,2006,12040
ITL3,TLD35,Greater Manchester South East,2007,12277
ITL3,TLD35,Greater Manchester South East,2008,12170
ITL3,TLD35,Greater Manchester South East,2009,11951
ITL3,TLD35,Greater Manchester South East,2010,12017
ITL3,TLD35,Greater Manchester South East,2011,11898
ITL3,TLD35,Greater Manchester South East,2012,12120
ITL3,TLD35,Greater Manchester South East,2013,12214
ITL3,TLD35,Greater Manchester South East,2014,12194
ITL3,TLD35,Greater Manchester South East,2015,12222
ITL3,TLD35,Greater Manchester South East,2016,12350
ITL3,TLD35,Greater Manchester South East,2017,13060
ITL3,TLD35,Greater Manchester South East,2018,13270
ITL3,TLD35,Greater Manchester South East,2019,13149
ITL3,TLD35,Greater Manchester South East,2020,12304
ITL3,TLD35,Greater Manchester South East,2021,13047
ITL3,TLD35,Greater Manchester South East,2022,13874
ITL3,TLD35,Greater Manchester South East,2023,14010
ITL3,TLD36,Greater Manchester North West,1998,11173
ITL3,TLD36,Greater Manchester North West,1999,11510
ITL3,TLD36,Greater Manchester North West,2000,11584
ITL3,TLD36,Greater Manchester North West,2001,11995
ITL3,TLD36,Greater Manchester North West,2002,12092
ITL3,TLD36,Greater Manchester North West,2003,12335
ITL3,TLD36,Greater Manchester North West,2004,12628
ITL3,TLD36,Greater Manchester North West,2005,12822
ITL3,TLD36,Greater Manchester North West,2006,13048
ITL3,TLD36,Greater Manchester North West,2007,13168
ITL3,TLD36,Greater Manchester North West,2008,12666
ITL3,TLD36,Greater Manchester North West,2009,12375
ITL3,TLD36,Greater Manchester North West,2010,12455
ITL3,TLD36,Greater Manchester North West,2011,12398
ITL3,TLD36,Greater Manchester North West,2012,12712
ITL3,TLD36,Greater Manchester North West,2013,13172
ITL3,TLD36,Greater Manchester North West,2014,13322
ITL3,TLD36,Greater Manchester North West,2015,13842
ITL3,TLD36,Greater Manchester North West,2016,14067
ITL3,TLD36,Greater Manchester North West,2017,14406
ITL3,TLD36,Greater Manchester North West,2018,14613
ITL3,TLD36,Greater Manchester North West,2019,14285
ITL3,TLD36,Greater Manchester North West,2020,13522
ITL3,TLD36,Greater Manchester North West,2021,14293
ITL3,TLD36,Greater Manchester North West,2022,14778
ITL3,TLD36,Greater Manchester North West,2023,15099
ITL3,TLD37,Greater Manchester North East,1998,10026
ITL3,TLD37,Greater Manchester North East,1999,10459
ITL3,TLD37,Greater Manchester North East,2000,10774
ITL3,TLD37,Greater Manchester North East,2001,11119
ITL3,TLD37,Greater Manchester North East,2002,11475
ITL3,TLD37,Greater Manchester North East,2003,11670
ITL3,TLD37,Greater Manchester North East,2004,12105
ITL3,TLD37,Greater Manchester North East,2005,12379
ITL3,TLD37,Greater Manchester North East,2006,12702
ITL3,TLD37,Greater Manchester North East,2007,12936
ITL3,TLD37,Greater Manchester North East,2008,12691
ITL3,TLD37,Greater Manchester North East,2009,12409
ITL3,TLD37,Greater Manchester North East,2010,12618
ITL3,TLD37,Greater Manchester North East,2011,12658
ITL3,TLD37,Greater Manchester North East,2012,13079
ITL3,TLD37,Greater Manchester North East,2013,13294
ITL3,TLD37,Greater Manchester North East,2014,13444
ITL3,TLD37,Greater Manchester North East,2015,13967
ITL3,TLD37,Greater Manchester North East,2016,13928
ITL3,TLD37,Greater Manchester North East,2017,14307
ITL3,TLD37,Greater Manchester North East,2018,14405
ITL3,TLD37,Greater Manchester North East,2019,14780
ITL3,TLD37,Greater Manchester North East,2020,13194
ITL3,TLD37,Greater Manchester North East,2021,13875
ITL3,TLD37,Greater Manchester North East,2022,14640
ITL3,TLD37,Greater Manchester North East,2023,14927
ITL2,TLD4,Lancashire,1998,32671
ITL2,TLD4,Lancashire,1999,33858
ITL2,TLD4,Lancashire,2000,34477
ITL2,TLD4,Lancashire,2001,35224
ITL2,TLD4,Lancashire,2002,36204
ITL2,TLD4,Lancashire,2003,38290
ITL2,TLD4,Lancashire,2004,39949
ITL2,TLD4,Lancashire,2005,40176
ITL2,TLD4,Lancashire,2006,40337
ITL2,TLD4,Lancashire,2007,40855
ITL2,TLD4,Lancashire,2008,40190
ITL2,TLD4,Lancashire,2009,37396
ITL2,TLD4,Lancashire,2010,38178
ITL2,TLD4,Lancashire,2011,38597
ITL2,TLD4,Lancashire,2012,39019
ITL2,TLD4,Lancashire,2013,39165
ITL2,TLD4,Lancashire,2014,40138
ITL2,TLD4,Lancashire,2015,41525
ITL2,TLD4,Lancashire,2016,42671
ITL2,TLD4,Lancashire,2017,43185
ITL2,TLD4,Lancashire,2018,42863
ITL2,TLD4,Lancashire,2019,43399
ITL2,TLD4,Lancashire,2020,39166
ITL2,TLD4,Lancashire,2021,43772
ITL2,TLD4,Lancashire,2022,45460
ITL2,TLD4,Lancashire,2023,45581
ITL3,TLD41,Blackburn with Darwen,1998,2588
ITL3,TLD41,Blackburn with Darwen,1999,2688
ITL3,TLD41,Blackburn with Darwen,2000,2722
ITL3,TLD41,Blackburn with Darwen,2001,2792
ITL3,TLD41,Blackburn with Darwen,2002,2897
ITL3,TLD41,Blackburn with Darwen,2003,3085
ITL3,TLD41,Blackburn with Darwen,2004,3204
ITL3,TLD41,Blackburn with Darwen,2005,3203
ITL3,TLD41,Blackburn with Darwen,2006,3253
ITL3,TLD41,Blackburn with Darwen,2007,3309
ITL3,TLD41,Blackburn with Darwen,2008,3308
ITL3,TLD41,Blackburn with Darwen,2009,3164
ITL3,TLD41,Blackburn with Darwen,2010,3276
ITL3,TLD41,Blackburn with Darwen,2011,3295
ITL3,TLD41,Blackburn with Darwen,2012,3481
ITL3,TLD41,Blackburn with Darwen,2013,3525
ITL3,TLD41,Blackburn with Darwen,2014,3666
ITL3,TLD41,Blackburn with Darwen,2015,3888
ITL3,TLD41,Blackburn with Darwen,2016,3962
ITL3,TLD41,Blackburn with Darwen,2017,3973
ITL3,TLD41,Blackburn with Darwen,2018,3971
ITL3,TLD41,Blackburn with Darwen,2019,4012
ITL3,TLD41,Blackburn with Darwen,2020,3607
ITL3,TLD41,Blackburn with Darwen,2021,4168
ITL3,TLD41,Blackburn with Darwen,2022,4409
ITL3,TLD41,Blackburn with Darwen,2023,4401
ITL3,TLD42,Blackpool,1998,2936
ITL3,TLD42,Blackpool,1999,2935
ITL3,TLD42,Blackpool,2000,2932
ITL3,TLD42,Blackpool,2001,2999
ITL3,TLD42,Blackpool,2002,3078
ITL3,TLD42,Blackpool,2003,3228
ITL3,TLD42,Blackpool,2004,3375
ITL3,TLD42,Blackpool,2005,3370
ITL3,TLD42,Blackpool,2006,3364
ITL3,TLD42,Blackpool,2007,3318
ITL3,TLD42,Blackpool,2008,3217
ITL3,TLD42,Blackpool,2009,3034
ITL3,TLD42,Blackpool,2010,3131
ITL3,TLD42,Blackpool,2011,3129
ITL3,TLD42,Blackpool,2012,3153
ITL3,TLD42,Blackpool,2013,3154
ITL3,TLD42,Blackpool,2014,3183
ITL3,TLD42,Blackpool,2015,3270
ITL3,TLD42,Blackpool,2016,3380
ITL3,TLD42,Blackpool,2017,3509
ITL3,TLD42,Blackpool,2018,3566
ITL3,TLD42,Blackpool,2019,3714
ITL3,TLD42,Blackpool,2020,3080
ITL3,TLD42,Blackpool,2021,3339
ITL3,TLD42,Blackpool,2022,3631
ITL3,TLD42,Blackpool,2023,3533
ITL3,TLD44,Lancaster and Wyre,1998,4901
ITL3,TLD44,Lancaster and Wyre,1999,5092
ITL3,TLD44,Lancaster and Wyre,2000,4964
ITL3,TLD44,Lancaster and Wyre,2001,5101
ITL3,TLD44,Lancaster and Wyre,2002,5282
ITL3,TLD44,Lancaster and Wyre,2003,5728
ITL3,TLD44,Lancaster and Wyre,2004,5870
ITL3,TLD44,Lancaster and Wyre,2005,5887
ITL3,TLD44,Lancaster and Wyre,2006,5904
ITL3,TLD44,Lancaster and Wyre,2007,5818
ITL3,TLD44,Lancaster and Wyre,2008,5629
ITL3,TLD44,Lancaster and Wyre,2009,5089
ITL3,TLD44,Lancaster and Wyre,2010,5131
ITL3,TLD44,Lancaster and Wyre,2011,5149
ITL3,TLD44,Lancaster and Wyre,2012,5218
ITL3,TLD44,Lancaster and Wyre,2013,5422
ITL3,TLD44,Lancaster and Wyre,2014,5426
ITL3,TLD44,Lancaster and Wyre,2015,5961
ITL3,TLD44,Lancaster and Wyre,2016,5943
ITL3,TLD44,Lancaster and Wyre,2017,5892
ITL3,TLD44,Lancaster and Wyre,2018,5905
ITL3,TLD44,Lancaster and Wyre,2019,6059
ITL3,TLD44,Lancaster and Wyre,2020,5499
ITL3,TLD44,Lancaster and Wyre,2021,5997
ITL3,TLD44,Lancaster and Wyre,2022,6308
ITL3,TLD44,Lancaster and Wyre,2023,6393
ITL3,TLD45,Mid Lancashire,1998,11572
ITL3,TLD45,Mid Lancashire,1999,12097
ITL3,TLD45,Mid Lancashire,2000,12572
ITL3,TLD45,Mid Lancashire,2001,12873
ITL3,TLD45,Mid Lancashire,2002,13138
ITL3,TLD45,Mid Lancashire,2003,13932
ITL3,TLD45,Mid Lancashire,2004,14598
ITL3,TLD45,Mid Lancashire,2005,14775
ITL3,TLD45,Mid Lancashire,2006,14761
ITL3,TLD45,Mid Lancashire,2007,15175
ITL3,TLD45,Mid Lancashire,2008,14911
ITL3,TLD45,Mid Lancashire,2009,13830
ITL3,TLD45,Mid Lancashire,2010,14044
ITL3,TLD45,Mid Lancashire,2011,14157
ITL3,TLD45,Mid Lancashire,2012,14247
ITL3,TLD45,Mid Lancashire,2013,14296
ITL3,TLD45,Mid Lancashire,2014,14588
ITL3,TLD45,Mid Lancashire,2015,14988
ITL3,TLD45,Mid Lancashire,2016,15512
ITL3,TLD45,Mid Lancashire,2017,15678
ITL3,TLD45,Mid Lancashire,2018,15147
ITL3,TLD45,Mid Lancashire,2019,15101
ITL3,TLD45,Mid Lancashire,2020,14075
ITL3,TLD45,Mid Lancashire,2021,15814
ITL3,TLD45,Mid Lancashire,2022,16290
ITL3,TLD45,Mid Lancashire,2023,16299
ITL3,TLD46,East Lancashire,1998,5694
ITL3,TLD46,East Lancashire,1999,6005
ITL3,TLD46,East Lancashire,2000,6144
ITL3,TLD46,East Lancashire,2001,6297
ITL3,TLD46,East Lancashire,2002,6441
ITL3,TLD46,East Lancashire,2003,6773
ITL3,TLD46,East Lancashire,2004,7070
ITL3,TLD46,East Lancashire,2005,7193
ITL3,TLD46,East Lancashire,2006,7359
ITL3,TLD46,East Lancashire,2007,7439
ITL3,TLD46,East Lancashire,2008,7306
ITL3,TLD46,East Lancashire,2009,6809
ITL3,TLD46,East Lancashire,2010,6999
ITL3,TLD46,East Lancashire,2011,7174
ITL3,TLD46,East Lancashire,2012,7241
ITL3,TLD46,East Lancashire,2013,7182
ITL3,TLD46,East Lancashire,2014,7468
ITL3,TLD46,East Lancashire,2015,7569
ITL3,TLD46,East Lancashire,2016,7829
ITL3,TLD46,East Lancashire,2017,7946
ITL3,TLD46,East Lancashire,2018,8005
ITL3,TLD46,East Lancashire,2019,8028
ITL3,TLD46,East Lancashire,2020,7112
ITL3,TLD46,East Lancashire,2021,8018
ITL3,TLD46,East Lancashire,2022,8166
ITL3,TLD46,East Lancashire,2023,8112
ITL3,TLD47,Chorley and West Lancashire,1998,4458
ITL3,TLD47,Chorley and West Lancashire,1999,4537
ITL3,TLD47,Chorley and West Lancashire,2000,4607
ITL3,TLD47,Chorley and West Lancashire,2001,4689
ITL3,TLD47,Chorley and West Lancashire,2002,4882
ITL3,TLD47,Chorley and West Lancashire,2003,5086
ITL3,TLD47,Chorley and West Lancashire,2004,5261
ITL3,TLD47,Chorley and West Lancashire,2005,5196
ITL3,TLD47,Chorley and West Lancashire,2006,5206
ITL3,TLD47,Chorley and West Lancashire,2007,5265
ITL3,TLD47,Chorley and West Lancashire,2008,5265
ITL3,TLD47,Chorley and West Lancashire,2009,5145
ITL3,TLD47,Chorley and West Lancashire,2010,5314
ITL3,TLD47,Chorley and West Lancashire,2011,5313
ITL3,TLD47,Chorley and West Lancashire,2012,5298
ITL3,TLD47,Chorley and West Lancashire,2013,5284
ITL3,TLD47,Chorley and West Lancashire,2014,5474
ITL3,TLD47,Chorley and West Lancashire,2015,5540
ITL3,TLD47,Chorley and West Lancashire,2016,5834
ITL3,TLD47,Chorley and West Lancashire,2017,5941
ITL3,TLD47,Chorley and West Lancashire,2018,6013
ITL3,TLD47,Chorley and West Lancashire,2019,6301
ITL3,TLD47,Chorley and West Lancashire,2020,5623
ITL3,TLD47,Chorley and West Lancashire,2021,6382
ITL3,TLD47,Chorley and West Lancashire,2022,6656
ITL3,TLD47,Chorley and West Lancashire,2023,6848
ITL2,TLD6,Cheshire,1998,25990
ITL2,TLD6,Cheshire,1999,26844
ITL2,TLD6,Cheshire,2000,27522
ITL2,TLD6,Cheshire,2001,30370
ITL2,TLD6,Cheshire,2002,30986
ITL2,TLD6,Cheshire,2003,31002
ITL2,TLD6,Cheshire,2004,32565
ITL2,TLD6,Cheshire,2005,33551
ITL2,TLD6,Cheshire,2006,35177
ITL2,TLD6,Cheshire,2007,35904
ITL2,TLD6,Cheshire,2008,34717
ITL2,TLD6,Cheshire,2009,33232
ITL2,TLD6,Cheshire,2010,34206
ITL2,TLD6,Cheshire,2011,34411
ITL2,TLD6,Cheshire,2012,35357
ITL2,TLD6,Cheshire,2013,35862
ITL2,TLD6,Cheshire,2014,37647
ITL2,TLD6,Cheshire,2015,38214
ITL2,TLD6,Cheshire,2016,39286
ITL2,TLD6,Cheshire,2017,40073
ITL2,TLD6,Cheshire,2018,40389
ITL2,TLD6,Cheshire,2019,41266
ITL2,TLD6,Cheshire,2020,38155
ITL2,TLD6,Cheshire,2021,40343
ITL2,TLD6,Cheshire,2022,41973
ITL2,TLD6,Cheshire,2023,42655
ITL3,TLD61,Warrington,1998,5310
ITL3,TLD61,Warrington,1999,5446
ITL3,TLD61,Warrington,2000,5741
ITL3,TLD61,Warrington,2001,6308
ITL3,TLD61,Warrington,2002,6496
ITL3,TLD61,Warrington,2003,6685
ITL3,TLD61,Warrington,2004,6814
ITL3,TLD61,Warrington,2005,7032
ITL3,TLD61,Warrington,2006,7288
ITL3,TLD61,Warrington,2007,7450
ITL3,TLD61,Warrington,2008,7148
ITL3,TLD61,Warrington,2009,6785
ITL3,TLD61,Warrington,2010,7080
ITL3,TLD61,Warrington,2011,7251
ITL3,TLD61,Warrington,2012,7408
ITL3,TLD61,Warrington,2013,7703
ITL3,TLD61,Warrington,2014,8099
ITL3,TLD61,Warrington,2015,8568
ITL3,TLD61,Warrington,2016,8900
ITL3,TLD61,Warrington,2017,9467
ITL3,TLD61,Warrington,2018,9407
ITL3,TLD61,Warrington,2019,9848
ITL3,TLD61,Warrington,2020,9392
ITL3,TLD61,Warrington,2021,9932
ITL3,TLD61,Warrington,2022,10365
ITL3,TLD61,Warrington,2023,10646
ITL3,TLD62,Cheshire East,1998,10885
ITL3,TLD62,Cheshire East,1999,11215
ITL3,TLD62,Cheshire East,2000,11468
ITL3,TLD62,Cheshire East,2001,13052
ITL3,TLD62,Cheshire East,2002,13244
ITL3,TLD62,Cheshire East,2003,12630
ITL3,TLD62,Cheshire East,2004,13851
ITL3,TLD62,Cheshire East,2005,14470
ITL3,TLD62,Cheshire East,2006,15154
ITL3,TLD62,Cheshire East,2007,15229
ITL3,TLD62,Cheshire East,2008,14594
ITL3,TLD62,Cheshire East,2009,13575
ITL3,TLD62,Cheshire East,2010,14081
ITL3,TLD62,Cheshire East,2011,14574
ITL3,TLD62,Cheshire East,2012,15234
ITL3,TLD62,Cheshire East,2013,15404
ITL3,TLD62,Cheshire East,2014,16167
ITL3,TLD62,Cheshire East,2015,16735
ITL3,TLD62,Cheshire East,2016,17017
ITL3,TLD62,Cheshire East,2017,16688
ITL3,TLD62,Cheshire East,2018,16893
ITL3,TLD62,Cheshire East,2019,17111
ITL3,TLD62,Cheshire East,2020,16043
ITL3,TLD62,Cheshire East,2021,16273
ITL3,TLD62,Cheshire East,2022,17194
ITL3,TLD62,Cheshire East,2023,17299
ITL3,TLD63,Cheshire West and Chester,1998,9444
ITL3,TLD63,Cheshire West and Chester,1999,9914
ITL3,TLD63,Cheshire West and Chester,2000,9987
ITL3,TLD63,Cheshire West and Chester,2001,10661
ITL3,TLD63,Cheshire West and Chester,2002,10896
ITL3,TLD63,Cheshire West and Chester,2003,11376
ITL3,TLD63,Cheshire West and Chester,2004,11532
ITL3,TLD63,Cheshire West and Chester,2005,11688
ITL3,TLD63,Cheshire West and Chester,2006,12399
ITL3,TLD63,Cheshire West and Chester,2007,12899
ITL3,TLD63,Cheshire West and Chester,2008,12738
ITL3,TLD63,Cheshire West and Chester,2009,12769
ITL3,TLD63,Cheshire West and Chester,2010,12813
ITL3,TLD63,Cheshire West and Chester,2011,12451
ITL3,TLD63,Cheshire West and Chester,2012,12766
ITL3,TLD63,Cheshire West and Chester,2013,12746
ITL3,TLD63,Cheshire West and Chester,2014,13389
ITL3,TLD63,Cheshire West and Chester,2015,12955
ITL3,TLD63,Cheshire West and Chester,2016,13393
ITL3,TLD63,Cheshire West and Chester,2017,13987
ITL3,TLD63,Cheshire West and Chester,2018,14145
ITL3,TLD63,Cheshire West and Chester,2019,14385
ITL3,TLD63,Cheshire West and Chester,2020,12728
ITL3,TLD63,Cheshire West and Chester,2021,14057
ITL3,TLD63,Cheshire West and Chester,2022,14414
ITL3,TLD63,Cheshire West and Chester,2023,14700
ITL2,TLD7,Merseyside,1998,30797
ITL2,TLD7,Merseyside,1999,31965
ITL2,TLD7,Merseyside,2000,32984
ITL2,TLD7,Merseyside,2001,34170
ITL2,TLD7,Merseyside,2002,35167
ITL2,TLD7,Merseyside,2003,36893
ITL2,TLD7,Merseyside,2004,37838
ITL2,TLD7,Merseyside,2005,38139
ITL2,TLD7,Merseyside,2006,39681
ITL2,TLD7,Merseyside,2007,39224
ITL2,TLD7,Merseyside,2008,39574
ITL2,TLD7,Merseyside,2009,39019
ITL2,TLD7,Merseyside,2010,39762
ITL2,TLD7,Merseyside,2011,39280
ITL2,TLD7,Merseyside,2012,38523
ITL2,TLD7,Merseyside,2013,39091
ITL2,TLD7,Merseyside,2014,40394
ITL2,TLD7,Merseyside,2015,41280
ITL2,TLD7,Merseyside,2016,41009
ITL2,TLD7,Merseyside,2017,42174
ITL2,TLD7,Merseyside,2018,42522
ITL2,TLD7,Merseyside,2019,43812
ITL2,TLD7,Merseyside,2020,38686
ITL2,TLD7,Merseyside,2021,43767
ITL2,TLD7,Merseyside,2022,45531
ITL2,TLD7,Merseyside,2023,45924
ITL3,TLD71,East Merseyside,1998,8757
ITL3,TLD71,East Merseyside,1999,9192
ITL3,TLD71,East Merseyside,2000,9602
ITL3,TLD71,East Merseyside,2001,10019
ITL3,TLD71,East Merseyside,2002,10301
ITL3,TLD71,East Merseyside,2003,10826
ITL3,TLD71,East Merseyside,2004,10977
ITL3,TLD71,East Merseyside,2005,11066
ITL3,TLD71,East Merseyside,2006,11626
ITL3,TLD71,East Merseyside,2007,11554
ITL3,TLD71,East Merseyside,2008,11768
ITL3,TLD71,East Merseyside,2009,11448
ITL3,TLD71,East Merseyside,2010,11877
ITL3,TLD71,East Merseyside,2011,11839
ITL3,TLD71,East Merseyside,2012,11621
ITL3,TLD71,East Merseyside,2013,12008
ITL3,TLD71,East Merseyside,2014,12612
ITL3,TLD71,East Merseyside,2015,13006
ITL3,TLD71,East Merseyside,2016,12948
ITL3,TLD71,East Merseyside,2017,13326
ITL3,TLD71,East Merseyside,2018,13466
ITL3,TLD71,East Merseyside,2019,13692
ITL3,TLD71,East Merseyside,2020,11992
ITL3,TLD71,East Merseyside,2021,13527
ITL3,TLD71,East Merseyside,2022,13662
ITL3,TLD71,East Merseyside,2023,13734
ITL3,TLD72,Liverpool,1998,12002
ITL3,TLD72,Liverpool,1999,12307
ITL3,TLD72,Liverpool,2000,12773
ITL3,TLD72,Liverpool,2001,13115
ITL3,TLD72,Liverpool,2002,13455
ITL3,TLD72,Liverpool,2003,14258
ITL3,TLD72,Liverpool,2004,14656
ITL3,TLD72,Liverpool,2005,15067
ITL3,TLD72,Liverpool,2006,15629
ITL3,TLD72,Liverpool,2007,15492
ITL3,TLD72,Liverpool,2008,15828
ITL3,TLD72,Liverpool,2009,15725
ITL3,TLD72,Liverpool,2010,15902
ITL3,TLD72,Liverpool,2011,15787
ITL3,TLD72,Liverpool,2012,15338
ITL3,TLD72,Liverpool,2013,15370
ITL3,TLD72,Liverpool,2014,15847
ITL3,TLD72,Liverpool,2015,16039
ITL3,TLD72,Liverpool,2016,15881
ITL3,TLD72,Liverpool,2017,16365
ITL3,TLD72,Liverpool,2018,16440
ITL3,TLD72,Liverpool,2019,17353
ITL3,TLD72,Liverpool,2020,15227
ITL3,TLD72,Liverpool,2021,17519
ITL3,TLD72,Liverpool,2022,18745
ITL3,TLD72,Liverpool,2023,18908
ITL3,TLD73,Sefton,1998,4721
ITL3,TLD73,Sefton,1999,4900
ITL3,TLD73,Sefton,2000,4946
ITL3,TLD73,Sefton,2001,5134
ITL3,TLD73,Sefton,2002,5333
ITL3,TLD73,Sefton,2003,5487
ITL3,TLD73,Sefton,2004,5613
ITL3,TLD73,Sefton,2005,5548
ITL3,TLD73,Sefton,2006,5705
ITL3,TLD73,Sefton,2007,5598
ITL3,TLD73,Sefton,2008,5573
ITL3,TLD73,Sefton,2009,5507
ITL3,TLD73,Sefton,2010,5590
ITL3,TLD73,Sefton,2011,5419
ITL3,TLD73,Sefton,2012,5311
ITL3,TLD73,Sefton,2013,5358
ITL3,TLD73,Sefton,2014,5443
ITL3,TLD73,Sefton,2015,5518
ITL3,TLD73,Sefton,2016,5625
ITL3,TLD73,Sefton,2017,5762
ITL3,TLD73,Sefton,2018,5798
ITL3,TLD73,Sefton,2019,5764
ITL3,TLD73,Sefton,2020,5178
ITL3,TLD73,Sefton,2021,5917
ITL3,TLD73,Sefton,2022,5999
ITL3,TLD73,Sefton,2023,5969
ITL3,TLD74,Wirral,1998,5355
ITL3,TLD74,Wirral,1999,5608
ITL3,TLD74,Wirral,2000,5669
ITL3,TLD74,Wirral,2001,5844
ITL3,TLD74,Wirral,2002,6049
ITL3,TLD74,Wirral,2003,6312
ITL3,TLD74,Wirral,2004,6569
ITL3,TLD74,Wirral,2005,6427
ITL3,TLD74,Wirral,2006,6637
ITL3,TLD74,Wirral,2007,6480
ITL3,TLD74,Wirral,2008,6412
ITL3,TLD74,Wirral,2009,6363
ITL3,TLD74,Wirral,2010,6407
ITL3,TLD74,Wirral,2011,6325
ITL3,TLD74,Wirral,2012,6310
ITL3,TLD74,Wirral,2013,6370
ITL3,TLD74,Wirral,2014,6534
ITL3,TLD74,Wirral,2015,6773
ITL3,TLD74,Wirral,2016,6611
ITL3,TLD74,Wirral,2017,6787
ITL3,TLD74,Wirral,2018,6813
ITL3,TLD74,Wirral,2019,6990
ITL3,TLD74,Wirral,2020,6285
ITL3,TLD74,Wirral,2021,6783
ITL3,TLD74,Wirral,2022,7125
ITL3,TLD74,Wirral,2023,7284
ITL1,TLE,Yorkshire and The Humber,1998,115514
ITL1,TLE,Yorkshire and The Humber,1999,118632
ITL1,TLE,Yorkshire and The Humber,2000,122028
ITL1,TLE,Yorkshire and The Humber,2001,126436
ITL1,TLE,Yorkshire and The Humber,2002,130385
ITL1,TLE,Yorkshire and The Humber,2003,135947
ITL1,TLE,Yorkshire and The Humber,2004,140262
ITL1,TLE,Yorkshire and The Humber,2005,142457
ITL1,TLE,Yorkshire and The Humber,2006,145328
ITL1,TLE,Yorkshire and The Humber,2007,149445
ITL1,TLE,Yorkshire and The Humber,2008,145816
ITL1,TLE,Yorkshire and The Humber,2009,138877
ITL1,TLE,Yorkshire and The Humber,2010,138988
ITL1,TLE,Yorkshire and The Humber,2011,140823
ITL1,TLE,Yorkshire and The Humber,2012,142524
ITL1,TLE,Yorkshire and The Humber,2013,143931
ITL1,TLE,Yorkshire and The Humber,2014,146762
ITL1,TLE,Yorkshire and The Humber,2015,151875
ITL1,TLE,Yorkshire and The Humber,2016,153281
ITL1,TLE,Yorkshire and The Humber,2017,157699
ITL1,TLE,Yorkshire and The Humber,2018,159988
ITL1,TLE,Yorkshire and The Humber,2019,161515
ITL1,TLE,Yorkshire and The Humber,2020,145282
ITL1,TLE,Yorkshire and The Humber,2021,162878
ITL1,TLE,Yorkshire and The Humber,2022,169640
ITL1,TLE,Yorkshire and The Humber,2023,170039
ITL2,TLE1,East Yorkshire and Northern Lincolnshire,1998,20247
ITL2,TLE1,East Yorkshire and Northern Lincolnshire,1999,20418
ITL2,TLE1,East Yorkshire and Northern Lincolnshire,2000,21292
ITL2,TLE1,East Yorkshire and Northern Lincolnshire,2001,22003
ITL2,TLE1,East Yorkshire and Northern Lincolnshire,2002,22892
ITL2,TLE1,East Yorkshire and Northern Lincolnshire,2003,23931
ITL2,TLE1,East Yorkshire and Northern Lincolnshire,2004,24597
ITL2,TLE1,East Yorkshire and Northern Lincolnshire,2005,24606
ITL2,TLE1,East Yorkshire and Northern Lincolnshire,2006,25698
ITL2,TLE1,East Yorkshire and Northern Lincolnshire,2007,25713
ITL2,TLE1,East Yorkshire and Northern Lincolnshire,2008,25705
ITL2,TLE1,East Yorkshire and Northern Lincolnshire,2009,24443
ITL2,TLE1,East Yorkshire and Northern Lincolnshire,2010,23648
ITL2,TLE1,East Yorkshire and Northern Lincolnshire,2011,22942
ITL2,TLE1,East Yorkshire and Northern Lincolnshire,2012,23113
ITL2,TLE1,East Yorkshire and Northern Lincolnshire,2013,23461
ITL2,TLE1,East Yorkshire and Northern Lincolnshire,2014,24094
ITL2,TLE1,East Yorkshire and Northern Lincolnshire,2015,25416
ITL2,TLE1,East Yorkshire and Northern Lincolnshire,2016,25767
ITL2,TLE1,East Yorkshire and Northern Lincolnshire,2017,26262
ITL2,TLE1,East Yorkshire and Northern Lincolnshire,2018,26671
ITL2,TLE1,East Yorkshire and Northern Lincolnshire,2019,27215
ITL2,TLE1,East Yorkshire and Northern Lincolnshire,2020,24281
ITL2,TLE1,East Yorkshire and Northern Lincolnshire,2021,28792
ITL2,TLE1,East Yorkshire and Northern Lincolnshire,2022,28366
ITL2,TLE1,East Yorkshire and Northern Lincolnshire,2023,28066
ITL3,TLE11,"Kingston upon Hull, City of",1998,5736
ITL3,TLE11,"Kingston upon Hull, City of",1999,5863
ITL3,TLE11,"Kingston upon Hull, City of",2000,6107
ITL3,TLE11,"Kingston upon Hull, City of",2001,6370
ITL3,TLE11,"Kingston upon Hull, City of",2002,6599
ITL3,TLE11,"Kingston upon Hull, City of",2003,6930
ITL3,TLE11,"Kingston upon Hull, City of",2004,7043
ITL3,TLE11,"Kingston upon Hull, City of",2005,7118
ITL3,TLE11,"Kingston upon Hull, City of",2006,7594
ITL3,TLE11,"Kingston upon Hull, City of",2007,7690
ITL3,TLE11,"Kingston upon Hull, City of",2008,8083
ITL3,TLE11,"Kingston upon Hull, City of",2009,7609
ITL3,TLE11,"Kingston upon Hull, City of",2010,7264
ITL3,TLE11,"Kingston upon Hull, City of",2011,6976
ITL3,TLE11,"Kingston upon Hull, City of",2012,7024
ITL3,TLE11,"Kingston upon Hull, City of",2013,7001
ITL3,TLE11,"Kingston upon Hull, City of",2014,6988
ITL3,TLE11,"Kingston upon Hull, City of",2015,7282
ITL3,TLE11,"Kingston upon Hull, City of",2016,7329
ITL3,TLE11,"Kingston upon Hull, City of",2017,7501
ITL3,TLE11,"Kingston upon Hull, City of",2018,7636
ITL3,TLE11,"Kingston upon Hull, City of",2019,7602
ITL3,TLE11,"Kingston upon Hull, City of",2020,6438
ITL3,TLE11,"Kingston upon Hull, City of",2021,7597
ITL3,TLE11,"Kingston upon Hull, City of",2022,7621
ITL3,TLE11,"Kingston upon Hull, City of",2023,7732
ITL3,TLE12,East Riding of Yorkshire,1998,6886
ITL3,TLE12,East Riding of Yorkshire,1999,6939
ITL3,TLE12,East Riding of Yorkshire,2000,7189
ITL3,TLE12,East Riding of Yorkshire,2001,7534
ITL3,TLE12,East Riding of Yorkshire,2002,7968
ITL3,TLE12,East Riding of Yorkshire,2003,8306
ITL3,TLE12,East Riding of Yorkshire,2004,8700
ITL3,TLE12,East Riding of Yorkshire,2005,8783
ITL3,TLE12,East Riding of Yorkshire,2006,9004
ITL3,TLE12,East Riding of Yorkshire,2007,8790
ITL3,TLE12,East Riding of Yorkshire,2008,8564
ITL3,TLE12,East Riding of Yorkshire,2009,7996
ITL3,TLE12,East Riding of Yorkshire,2010,7757
ITL3,TLE12,East Riding of Yorkshire,2011,7714
ITL3,TLE12,East Riding of Yorkshire,2012,7786
ITL3,TLE12,East Riding of Yorkshire,2013,7901
ITL3,TLE12,East Riding of Yorkshire,2014,8215
ITL3,TLE12,East Riding of Yorkshire,2015,8515
ITL3,TLE12,East Riding of Yorkshire,2016,8509
ITL3,TLE12,East Riding of Yorkshire,2017,8707
ITL3,TLE12,East Riding of Yorkshire,2018,9045
ITL3,TLE12,East Riding of Yorkshire,2019,9286
ITL3,TLE12,East Riding of Yorkshire,2020,8510
ITL3,TLE12,East Riding of Yorkshire,2021,9754
ITL3,TLE12,East Riding of Yorkshire,2022,9819
ITL3,TLE12,East Riding of Yorkshire,2023,9846
ITL3,TLE13,North and North East Lincolnshire,1998,7654
ITL3,TLE13,North and North East Lincolnshire,1999,7623
ITL3,TLE13,North and North East Lincolnshire,2000,7994
ITL3,TLE13,North and North East Lincolnshire,2001,8096
ITL3,TLE13,North and North East Lincolnshire,2002,8320
ITL3,TLE13,North and North East Lincolnshire,2003,8680
ITL3,TLE13,North and North East Lincolnshire,2004,8962
ITL3,TLE13,North and North East Lincolnshire,2005,8993
ITL3,TLE13,North and North East Lincolnshire,2006,9207
ITL3,TLE13,North and North East Lincolnshire,2007,9399
ITL3,TLE13,North and North East Lincolnshire,2008,9295
ITL3,TLE13,North and North East Lincolnshire,2009,8927
ITL3,TLE13,North and North East Lincolnshire,2010,8804
ITL3,TLE13,North and North East Lincolnshire,2011,8414
ITL3,TLE13,North and North East Lincolnshire,2012,8519
ITL3,TLE13,North and North East Lincolnshire,2013,8627
ITL3,TLE13,North and North East Lincolnshire,2014,8985
ITL3,TLE13,North and North East Lincolnshire,2015,9626
ITL3,TLE13,North and North East Lincolnshire,2016,9875
ITL3,TLE13,North and North East Lincolnshire,2017,10034
ITL3,TLE13,North and North East Lincolnshire,2018,10009
ITL3,TLE13,North and North East Lincolnshire,2019,10220
ITL3,TLE13,North and North East Lincolnshire,2020,9221
ITL3,TLE13,North and North East Lincolnshire,2021,11440
ITL3,TLE13,North and North East Lincolnshire,2022,10926
ITL3,TLE13,North and North East Lincolnshire,2023,10468
ITL2,TLE2,North Yorkshire,1998,20618
ITL2,TLE2,North Yorkshire,1999,21093
ITL2,TLE2,North Yorkshire,2000,21761
ITL2,TLE2,North Yorkshire,2001,22586
ITL2,TLE2,North Yorkshire,2002,23842
ITL2,TLE2,North Yorkshire,2003,24640
ITL2,TLE2,North Yorkshire,2004,25303
ITL2,TLE2,North Yorkshire,2005,25425
ITL2,TLE2,North Yorkshire,2006,25443
ITL2,TLE2,North Yorkshire,2007,25946
ITL2,TLE2,North Yorkshire,2008,25446
ITL2,TLE2,North Yorkshire,2009,23999
ITL2,TLE2,North Yorkshire,2010,24102
ITL2,TLE2,North Yorkshire,2011,24908
ITL2,TLE2,North Yorkshire,2012,24885
ITL2,TLE2,North Yorkshire,2013,25109
ITL2,TLE2,North Yorkshire,2014,25451
ITL2,TLE2,North Yorkshire,2015,25480
ITL2,TLE2,North Yorkshire,2016,26156
ITL2,TLE2,North Yorkshire,2017,27198
ITL2,TLE2,North Yorkshire,2018,26980
ITL2,TLE2,North Yorkshire,2019,27245
ITL2,TLE2,North Yorkshire,2020,24394
ITL2,TLE2,North Yorkshire,2021,27648
ITL2,TLE2,North Yorkshire,2022,29017
ITL2,TLE2,North Yorkshire,2023,29425
ITL3,TLE21,York,1998,6113
ITL3,TLE21,York,1999,6285
ITL3,TLE21,York,2000,6505
ITL3,TLE21,York,2001,6657
ITL3,TLE21,York,2002,6971
ITL3,TLE21,York,2003,7237
ITL3,TLE21,York,2004,7603
ITL3,TLE21,York,2005,7581
ITL3,TLE21,York,2006,7390
ITL3,TLE21,York,2007,7621
ITL3,TLE21,York,2008,7407
ITL3,TLE21,York,2009,6942
ITL3,TLE21,York,2010,7096
ITL3,TLE21,York,2011,7275
ITL3,TLE21,York,2012,7324
ITL3,TLE21,York,2013,7247
ITL3,TLE21,York,2014,7366
ITL3,TLE21,York,2015,7382
ITL3,TLE21,York,2016,7594
ITL3,TLE21,York,2017,7935
ITL3,TLE21,York,2018,7996
ITL3,TLE21,York,2019,7844
ITL3,TLE21,York,2020,6760
ITL3,TLE21,York,2021,7778
ITL3,TLE21,York,2022,8464
ITL3,TLE21,York,2023,8582
ITL3,TLE22,North Yorkshire,1998,14332
ITL3,TLE22,North Yorkshire,1999,14670
ITL3,TLE22,North Yorkshire,2000,15072
ITL3,TLE22,North Yorkshire,2001,15764
ITL3,TLE22,North Yorkshire,2002,16695
ITL3,TLE22,North Yorkshire,2003,17238
ITL3,TLE22,North Yorkshire,2004,17547
ITL3,TLE22,North Yorkshire,2005,17608
ITL3,TLE22,North Yorkshire,2006,17897
ITL3,TLE22,North Yorkshire,2007,18139
ITL3,TLE22,North Yorkshire,2008,17777
ITL3,TLE22,North Yorkshire,2009,16907
ITL3,TLE22,North Yorkshire,2010,16822
ITL3,TLE22,North Yorkshire,2011,17428
ITL3,TLE22,North Yorkshire,2012,17347
ITL3,TLE22,North Yorkshire,2013,17747
ITL3,TLE22,North Yorkshire,2014,17931
ITL3,TLE22,North Yorkshire,2015,17974
ITL3,TLE22,North Yorkshire,2016,18437
ITL3,TLE22,North Yorkshire,2017,19189
ITL3,TLE22,North Yorkshire,2018,18959
ITL3,TLE22,North Yorkshire,2019,19364
ITL3,TLE22,North Yorkshire,2020,17601
ITL3,TLE22,North Yorkshire,2021,19858
ITL3,TLE22,North Yorkshire,2022,20553
ITL3,TLE22,North Yorkshire,2023,20836
ITL2,TLE3,South Yorkshire,1998,26223
ITL2,TLE3,South Yorkshire,1999,26298
ITL2,TLE3,South Yorkshire,2000,27074
ITL2,TLE3,South Yorkshire,2001,28407
ITL2,TLE3,South Yorkshire,2002,29250
ITL2,TLE3,South Yorkshire,2003,30363
ITL2,TLE3,South Yorkshire,2004,31366
ITL2,TLE3,South Yorkshire,2005,31375
ITL2,TLE3,South Yorkshire,2006,32201
ITL2,TLE3,South Yorkshire,2007,33256
ITL2,TLE3,South Yorkshire,2008,31779
ITL2,TLE3,South Yorkshire,2009,30277
ITL2,TLE3,South Yorkshire,2010,30769
ITL2,TLE3,South Yorkshire,2011,31330
ITL2,TLE3,South Yorkshire,2012,31952
ITL2,TLE3,South Yorkshire,2013,32193
ITL2,TLE3,South Yorkshire,2014,32975
ITL2,TLE3,South Yorkshire,2015,34037
ITL2,TLE3,South Yorkshire,2016,34066
ITL2,TLE3,South Yorkshire,2017,35025
ITL2,TLE3,South Yorkshire,2018,34843
ITL2,TLE3,South Yorkshire,2019,35528
ITL2,TLE3,South Yorkshire,2020,32518
ITL2,TLE3,South Yorkshire,2021,35316
ITL2,TLE3,South Yorkshire,2022,37031
ITL2,TLE3,South Yorkshire,2023,37000
ITL3,TLE32,Sheffield,1998,11900
ITL3,TLE32,Sheffield,1999,11919
ITL3,TLE32,Sheffield,2000,12408
ITL3,TLE32,Sheffield,2001,13172
ITL3,TLE32,Sheffield,2002,13700
ITL3,TLE32,Sheffield,2003,14266
ITL3,TLE32,Sheffield,2004,14713
ITL3,TLE32,Sheffield,2005,14859
ITL3,TLE32,Sheffield,2006,15143
ITL3,TLE32,Sheffield,2007,15763
ITL3,TLE32,Sheffield,2008,15034
ITL3,TLE32,Sheffield,2009,14555
ITL3,TLE32,Sheffield,2010,14672
ITL3,TLE32,Sheffield,2011,15027
ITL3,TLE32,Sheffield,2012,15255
ITL3,TLE32,Sheffield,2013,15356
ITL3,TLE32,Sheffield,2014,15576
ITL3,TLE32,Sheffield,2015,15964
ITL3,TLE32,Sheffield,2016,15957
ITL3,TLE32,Sheffield,2017,16016
ITL3,TLE32,Sheffield,2018,15922
ITL3,TLE32,Sheffield,2019,16349
ITL3,TLE32,Sheffield,2020,15134
ITL3,TLE32,Sheffield,2021,16573
ITL3,TLE32,Sheffield,2022,17499
ITL3,TLE32,Sheffield,2023,17744
ITL3,TLE33,Barnsley,1998,3979
ITL3,TLE33,Barnsley,1999,3932
ITL3,TLE33,Barnsley,2000,4023
ITL3,TLE33,Barnsley,2001,4147
ITL3,TLE33,Barnsley,2002,4224
ITL3,TLE33,Barnsley,2003,4387
ITL3,TLE33,Barnsley,2004,4602
ITL3,TLE33,Barnsley,2005,4581
ITL3,TLE33,Barnsley,2006,4702
ITL3,TLE33,Barnsley,2007,4843
ITL3,TLE33,Barnsley,2008,4598
ITL3,TLE33,Barnsley,2009,4348
ITL3,TLE33,Barnsley,2010,4412
ITL3,TLE33,Barnsley,2011,4522
ITL3,TLE33,Barnsley,2012,4611
ITL3,TLE33,Barnsley,2013,4697
ITL3,TLE33,Barnsley,2014,4854
ITL3,TLE33,Barnsley,2015,4906
ITL3,TLE33,Barnsley,2016,4918
ITL3,TLE33,Barnsley,2017,5062
ITL3,TLE33,Barnsley,2018,5178
ITL3,TLE33,Barnsley,2019,5288
ITL3,TLE33,Barnsley,2020,4792
ITL3,TLE33,Barnsley,2021,5220
ITL3,TLE33,Barnsley,2022,5491
ITL3,TLE33,Barnsley,2023,5451
ITL3,TLE34,Rotherham,1998,5016
ITL3,TLE34,Rotherham,1999,5021
ITL3,TLE34,Rotherham,2000,5114
ITL3,TLE34,Rotherham,2001,5315
ITL3,TLE34,Rotherham,2002,5426
ITL3,TLE34,Rotherham,2003,5618
ITL3,TLE34,Rotherham,2004,5737
ITL3,TLE34,Rotherham,2005,5718
ITL3,TLE34,Rotherham,2006,5795
ITL3,TLE34,Rotherham,2007,5939
ITL3,TLE34,Rotherham,2008,5722
ITL3,TLE34,Rotherham,2009,5348
ITL3,TLE34,Rotherham,2010,5488
ITL3,TLE34,Rotherham,2011,5607
ITL3,TLE34,Rotherham,2012,5857
ITL3,TLE34,Rotherham,2013,5772
ITL3,TLE34,Rotherham,2014,5916
ITL3,TLE34,Rotherham,2015,6149
ITL3,TLE34,Rotherham,2016,6156
ITL3,TLE34,Rotherham,2017,6324
ITL3,TLE34,Rotherham,2018,6280
ITL3,TLE34,Rotherham,2019,6308
ITL3,TLE34,Rotherham,2020,5733
ITL3,TLE34,Rotherham,2021,6137
ITL3,TLE34,Rotherham,2022,6229
ITL3,TLE34,Rotherham,2023,6059
ITL3,TLE35,Doncaster,1998,5405
ITL3,TLE35,Doncaster,1999,5402
ITL3,TLE35,Doncaster,2000,5514
ITL3,TLE35,Doncaster,2001,5669
ITL3,TLE35,Doncaster,2002,5796
ITL3,TLE35,Doncaster,2003,6001
ITL3,TLE35,Doncaster,2004,6289
ITL3,TLE35,Doncaster,2005,6252
ITL3,TLE35,Doncaster,2006,6486
ITL3,TLE35,Doncaster,2007,6651
ITL3,TLE35,Doncaster,2008,6414
ITL3,TLE35,Doncaster,2009,6000
ITL3,TLE35,Doncaster,2010,6139
ITL3,TLE35,Doncaster,2011,6155
ITL3,TLE35,Doncaster,2012,6232
ITL3,TLE35,Doncaster,2013,6313
ITL3,TLE35,Doncaster,2014,6607
ITL3,TLE35,Doncaster,2015,6987
ITL3,TLE35,Doncaster,2016,7034
ITL3,TLE35,Doncaster,2017,7604
ITL3,TLE35,Doncaster,2018,7526
ITL3,TLE35,Doncaster,2019,7597
ITL3,TLE35,Doncaster,2020,6866
ITL3,TLE35,Doncaster,2021,7370
ITL3,TLE35,Doncaster,2022,7812
ITL3,TLE35,Doncaster,2023,7750
ITL2,TLE4,West Yorkshire,1998,48579
ITL2,TLE4,West Yorkshire,1999,50883
ITL2,TLE4,West Yorkshire,2000,51968
ITL2,TLE4,West Yorkshire,2001,53576
ITL2,TLE4,West Yorkshire,2002,54569
ITL2,TLE4,West Yorkshire,2003,57141
ITL2,TLE4,West Yorkshire,2004,59150
ITL2,TLE4,West Yorkshire,2005,61067
ITL2,TLE4,West Yorkshire,2006,62110
ITL2,TLE4,West Yorkshire,2007,64516
ITL2,TLE4,West Yorkshire,2008,62839
ITL2,TLE4,West Yorkshire,2009,60108
ITL2,TLE4,West Yorkshire,2010,60555
ITL2,TLE4,West Yorkshire,2011,61644
ITL2,TLE4,West Yorkshire,2012,62660
ITL2,TLE4,West Yorkshire,2013,63227
ITL2,TLE4,West Yorkshire,2014,64269
ITL2,TLE4,West Yorkshire,2015,66887
ITL2,TLE4,West Yorkshire,2016,67349
ITL2,TLE4,West Yorkshire,2017,69187
ITL2,TLE4,West Yorkshire,2018,71446
ITL2,TLE4,West Yorkshire,2019,71572
ITL2,TLE4,West Yorkshire,2020,64010
ITL2,TLE4,West Yorkshire,2021,71145
ITL2,TLE4,West Yorkshire,2022,75226
ITL2,TLE4,West Yorkshire,2023,75594
ITL3,TLE41,Bradford,1998,9522
ITL3,TLE41,Bradford,1999,9887
ITL3,TLE41,Bradford,2000,9982
ITL3,TLE41,Bradford,2001,10312
ITL3,TLE41,Bradford,2002,10506
ITL3,TLE41,Bradford,2003,10871
ITL3,TLE41,Bradford,2004,11284
ITL3,TLE41,Bradford,2005,11496
ITL3,TLE41,Bradford,2006,11731
ITL3,TLE41,Bradford,2007,11959
ITL3,TLE41,Bradford,2008,11931
ITL3,TLE41,Bradford,2009,11512
ITL3,TLE41,Bradford,2010,11387
ITL3,TLE41,Bradford,2011,11688
ITL3,TLE41,Bradford,2012,11812
ITL3,TLE41,Bradford,2013,11848
ITL3,TLE41,Bradford,2014,11814
ITL3,TLE41,Bradford,2015,12134
ITL3,TLE41,Bradford,2016,12221
ITL3,TLE41,Bradford,2017,12638
ITL3,TLE41,Bradford,2018,12609
ITL3,TLE41,Bradford,2019,12477
ITL3,TLE41,Bradford,2020,11373
ITL3,TLE41,Bradford,2021,12454
ITL3,TLE41,Bradford,2022,12812
ITL3,TLE41,Bradford,2023,12508
ITL3,TLE42,Leeds,1998,20338
ITL3,TLE42,Leeds,1999,21491
ITL3,TLE42,Leeds,2000,22246
ITL3,TLE42,Leeds,2001,22891
ITL3,TLE42,Leeds,2002,23515
ITL3,TLE42,Leeds,2003,24965
ITL3,TLE42,Leeds,2004,26062
ITL3,TLE42,Leeds,2005,27208
ITL3,TLE42,Leeds,2006,27649
ITL3,TLE42,Leeds,2007,29489
ITL3,TLE42,Leeds,2008,28619
ITL3,TLE42,Leeds,2009,27224
ITL3,TLE42,Leeds,2010,27775
ITL3,TLE42,Leeds,2011,28290
ITL3,TLE42,Leeds,2012,28825
ITL3,TLE42,Leeds,2013,29082
ITL3,TLE42,Leeds,2014,29496
ITL3,TLE42,Leeds,2015,30401
ITL3,TLE42,Leeds,2016,30487
ITL3,TLE42,Leeds,2017,31058
ITL3,TLE42,Leeds,2018,32430
ITL3,TLE42,Leeds,2019,32811
ITL3,TLE42,Leeds,2020,29013
ITL3,TLE42,Leeds,2021,32453
ITL3,TLE42,Leeds,2022,35871
ITL3,TLE42,Leeds,2023,36596
ITL3,TLE44,Calderdale and Kirklees,1998,11329
ITL3,TLE44,Calderdale and Kirklees,1999,11720
ITL3,TLE44,Calderdale and Kirklees,2000,11829
ITL3,TLE44,Calderdale and Kirklees,2001,12112
ITL3,TLE44,Calderdale and Kirklees,2002,12182
ITL3,TLE44,Calderdale and Kirklees,2003,12629
ITL3,TLE44,Calderdale and Kirklees,2004,13012
ITL3,TLE44,Calderdale and Kirklees,2005,13425
ITL3,TLE44,Calderdale and Kirklees,2006,13604
ITL3,TLE44,Calderdale and Kirklees,2007,14085
ITL3,TLE44,Calderdale and Kirklees,2008,13594
ITL3,TLE44,Calderdale and Kirklees,2009,13042
ITL3,TLE44,Calderdale and Kirklees,2010,13133
ITL3,TLE44,Calderdale and Kirklees,2011,13310
ITL3,TLE44,Calderdale and Kirklees,2012,13546
ITL3,TLE44,Calderdale and Kirklees,2013,13648
ITL3,TLE44,Calderdale and Kirklees,2014,14413
ITL3,TLE44,Calderdale and Kirklees,2015,15269
ITL3,TLE44,Calderdale and Kirklees,2016,15231
ITL3,TLE44,Calderdale and Kirklees,2017,15982
ITL3,TLE44,Calderdale and Kirklees,2018,16520
ITL3,TLE44,Calderdale and Kirklees,2019,16266
ITL3,TLE44,Calderdale and Kirklees,2020,14615
ITL3,TLE44,Calderdale and Kirklees,2021,16231
ITL3,TLE44,Calderdale and Kirklees,2022,15977
ITL3,TLE44,Calderdale and Kirklees,2023,15916
ITL3,TLE45,Wakefield,1998,7786
ITL3,TLE45,Wakefield,1999,8119
ITL3,TLE45,Wakefield,2000,8248
ITL3,TLE45,Wakefield,2001,8548
ITL3,TLE45,Wakefield,2002,8640
ITL3,TLE45,Wakefield,2003,8912
ITL3,TLE45,Wakefield,2004,9047
ITL3,TLE45,Wakefield,2005,9027
ITL3,TLE45,Wakefield,2006,9181
ITL3,TLE45,Wakefield,2007,9062
ITL3,TLE45,Wakefield,2008,8856
ITL3,TLE45,Wakefield,2009,8482
ITL3,TLE45,Wakefield,2010,8407
ITL3,TLE45,Wakefield,2011,8553
ITL3,TLE45,Wakefield,2012,8636
ITL3,TLE45,Wakefield,2013,8816
ITL3,TLE45,Wakefield,2014,8713
ITL3,TLE45,Wakefield,2015,9150
ITL3,TLE45,Wakefield,2016,9415
ITL3,TLE45,Wakefield,2017,9583
ITL3,TLE45,Wakefield,2018,9972
ITL3,TLE45,Wakefield,2019,10088
ITL3,TLE45,Wakefield,2020,9056
ITL3,TLE45,Wakefield,2021,9987
ITL3,TLE45,Wakefield,2022,10566
ITL3,TLE45,Wakefield,2023,10550
ITL1,TLF,East Midlands,1998,102128
ITL1,TLF,East Midlands,1999,104544
ITL1,TLF,East Midlands,2000,107669
ITL1,TLF,East Midlands,2001,110733
ITL1,TLF,East Midlands,2002,112452
ITL1,TLF,East Midlands,2003,115892
ITL1,TLF,East Midlands,2004,119242
ITL1,TLF,East Midlands,2005,121840
ITL1,TLF,East Midlands,2006,125917
ITL1,TLF,East Midlands,2007,126812
ITL1,TLF,East Midlands,2008,126779
ITL1,TLF,East Midlands,2009,119994
ITL1,TLF,East Midlands,2010,123709
ITL1,TLF,East Midlands,2011,124973
ITL1,TLF,East Midlands,2012,126914
ITL1,TLF,East Midlands,2013,129801
ITL1,TLF,East Midlands,2014,132688
ITL1,TLF,East Midlands,2015,135014
ITL1,TLF,East Midlands,2016,136723
ITL1,TLF,East Midlands,2017,138932
ITL1,TLF,East Midlands,2018,142134
ITL1,TLF,East Midlands,2019,143617
ITL1,TLF,East Midlands,2020,130572
ITL1,TLF,East Midlands,2021,142437
ITL1,TLF,East Midlands,2022,146120
ITL1,TLF,East Midlands,2023,146234
ITL2,TLF1,Derbyshire and Nottinghamshire,1998,47799
ITL2,TLF1,Derbyshire and Nottinghamshire,1999,49122
ITL2,TLF1,Derbyshire and Nottinghamshire,2000,49698
ITL2,TLF1,Derbyshire and Nottinghamshire,2001,51132
ITL2,TLF1,Derbyshire and Nottinghamshire,2002,52036
ITL2,TLF1,Derbyshire and Nottinghamshire,2003,53113
ITL2,TLF1,Derbyshire and Nottinghamshire,2004,55331
ITL2,TLF1,Derbyshire and Nottinghamshire,2005,57145
ITL2,TLF1,Derbyshire and Nottinghamshire,2006,57886
ITL2,TLF1,Derbyshire and Nottinghamshire,2007,57856
ITL2,TLF1,Derbyshire and Nottinghamshire,2008,57495
ITL2,TLF1,Derbyshire and Nottinghamshire,2009,54403
ITL2,TLF1,Derbyshire and Nottinghamshire,2010,56141
ITL2,TLF1,Derbyshire and Nottinghamshire,2011,57595
ITL2,TLF1,Derbyshire and Nottinghamshire,2012,58475
ITL2,TLF1,Derbyshire and Nottinghamshire,2013,58968
ITL2,TLF1,Derbyshire and Nottinghamshire,2014,59676
ITL2,TLF1,Derbyshire and Nottinghamshire,2015,60593
ITL2,TLF1,Derbyshire and Nottinghamshire,2016,61146
ITL2,TLF1,Derbyshire and Nottinghamshire,2017,61905
ITL2,TLF1,Derbyshire and Nottinghamshire,2018,63234
ITL2,TLF1,Derbyshire and Nottinghamshire,2019,63616
ITL2,TLF1,Derbyshire and Nottinghamshire,2020,59455
ITL2,TLF1,Derbyshire and Nottinghamshire,2021,63161
ITL2,TLF1,Derbyshire and Nottinghamshire,2022,65104
ITL2,TLF1,Derbyshire and Nottinghamshire,2023,64615
ITL3,TLF11,Derby,1998,6842
ITL3,TLF11,Derby,1999,7279
ITL3,TLF11,Derby,2000,7607
ITL3,TLF11,Derby,2001,7937
ITL3,TLF11,Derby,2002,8219
ITL3,TLF11,Derby,2003,8384
ITL3,TLF11,Derby,2004,8911
ITL3,TLF11,Derby,2005,9482
ITL3,TLF11,Derby,2006,9677
ITL3,TLF11,Derby,2007,9698
ITL3,TLF11,Derby,2008,9560
ITL3,TLF11,Derby,2009,8939
ITL3,TLF11,Derby,2010,8852
ITL3,TLF11,Derby,2011,9227
ITL3,TLF11,Derby,2012,9067
ITL3,TLF11,Derby,2013,9162
ITL3,TLF11,Derby,2014,8879
ITL3,TLF11,Derby,2015,8648
ITL3,TLF11,Derby,2016,8656
ITL3,TLF11,Derby,2017,8590
ITL3,TLF11,Derby,2018,8961
ITL3,TLF11,Derby,2019,9137
ITL3,TLF11,Derby,2020,8927
ITL3,TLF11,Derby,2021,9558
ITL3,TLF11,Derby,2022,9425
ITL3,TLF11,Derby,2023,9435
ITL3,TLF12,East Derbyshire,1998,5670
ITL3,TLF12,East Derbyshire,1999,5781
ITL3,TLF12,East Derbyshire,2000,5916
ITL3,TLF12,East Derbyshire,2001,6048
ITL3,TLF12,East Derbyshire,2002,6105
ITL3,TLF12,East Derbyshire,2003,6148
ITL3,TLF12,East Derbyshire,2004,6331
ITL3,TLF12,East Derbyshire,2005,6574
ITL3,TLF12,East Derbyshire,2006,6667
ITL3,TLF12,East Derbyshire,2007,6640
ITL3,TLF12,East Derbyshire,2008,6637
ITL3,TLF12,East Derbyshire,2009,6317
ITL3,TLF12,East Derbyshire,2010,6512
ITL3,TLF12,East Derbyshire,2011,6569
ITL3,TLF12,East Derbyshire,2012,6794
ITL3,TLF12,East Derbyshire,2013,6828
ITL3,TLF12,East Derbyshire,2014,7023
ITL3,TLF12,East Derbyshire,2015,7485
ITL3,TLF12,East Derbyshire,2016,7510
ITL3,TLF12,East Derbyshire,2017,7604
ITL3,TLF12,East Derbyshire,2018,7754
ITL3,TLF12,East Derbyshire,2019,7680
ITL3,TLF12,East Derbyshire,2020,7363
ITL3,TLF12,East Derbyshire,2021,7930
ITL3,TLF12,East Derbyshire,2022,8132
ITL3,TLF12,East Derbyshire,2023,7874
ITL3,TLF13,South and West Derbyshire,1998,10101
ITL3,TLF13,South and West Derbyshire,1999,10297
ITL3,TLF13,South and West Derbyshire,2000,10211
ITL3,TLF13,South and West Derbyshire,2001,10460
ITL3,TLF13,South and West Derbyshire,2002,10611
ITL3,TLF13,South and West Derbyshire,2003,10852
ITL3,TLF13,South and West Derbyshire,2004,11240
ITL3,TLF13,South and West Derbyshire,2005,11653
ITL3,TLF13,South and West Derbyshire,2006,11720
ITL3,TLF13,South and West Derbyshire,2007,11601
ITL3,TLF13,South and West Derbyshire,2008,11664
ITL3,TLF13,South and West Derbyshire,2009,10960
ITL3,TLF13,South and West Derbyshire,2010,11424
ITL3,TLF13,South and West Derbyshire,2011,11650
ITL3,TLF13,South and West Derbyshire,2012,12076
ITL3,TLF13,South and West Derbyshire,2013,12445
ITL3,TLF13,South and West Derbyshire,2014,12678
ITL3,TLF13,South and West Derbyshire,2015,12671
ITL3,TLF13,South and West Derbyshire,2016,12877
ITL3,TLF13,South and West Derbyshire,2017,12951
ITL3,TLF13,South and West Derbyshire,2018,13217
ITL3,TLF13,South and West Derbyshire,2019,13628
ITL3,TLF13,South and West Derbyshire,2020,12878
ITL3,TLF13,South and West Derbyshire,2021,13477
ITL3,TLF13,South and West Derbyshire,2022,13351
ITL3,TLF13,South and West Derbyshire,2023,13247
ITL3,TLF14,Nottingham,1998,9436
ITL3,TLF14,Nottingham,1999,9590
ITL3,TLF14,Nottingham,2000,9570
ITL3,TLF14,Nottingham,2001,9957
ITL3,TLF14,Nottingham,2002,10150
ITL3,TLF14,Nottingham,2003,10470
ITL3,TLF14,Nottingham,2004,10938
ITL3,TLF14,Nottingham,2005,11110
ITL3,TLF14,Nottingham,2006,11225
ITL3,TLF14,Nottingham,2007,11324
ITL3,TLF14,Nottingham,2008,11174
ITL3,TLF14,Nottingham,2009,10627
ITL3,TLF14,Nottingham,2010,11176
ITL3,TLF14,Nottingham,2011,11566
ITL3,TLF14,Nottingham,2012,11574
ITL3,TLF14,Nottingham,2013,11516
ITL3,TLF14,Nottingham,2014,11990
ITL3,TLF14,Nottingham,2015,12228
ITL3,TLF14,Nottingham,2016,12499
ITL3,TLF14,Nottingham,2017,12871
ITL3,TLF14,Nottingham,2018,12924
ITL3,TLF14,Nottingham,2019,12701
ITL3,TLF14,Nottingham,2020,11209
ITL3,TLF14,Nottingham,2021,11958
ITL3,TLF14,Nottingham,2022,12951
ITL3,TLF14,Nottingham,2023,13018
ITL3,TLF15,North Nottinghamshire,1998,8746
ITL3,TLF15,North Nottinghamshire,1999,9085
ITL3,TLF15,North Nottinghamshire,2000,9265
ITL3,TLF15,North Nottinghamshire,2001,9497
ITL3,TLF15,North Nottinghamshire,2002,9682
ITL3,TLF15,North Nottinghamshire,2003,9915
ITL3,TLF15,North Nottinghamshire,2004,10274
ITL3,TLF15,North Nottinghamshire,2005,10409
ITL3,TLF15,North Nottinghamshire,2006,10629
ITL3,TLF15,North Nottinghamshire,2007,10581
ITL3,TLF15,North Nottinghamshire,2008,10460
ITL3,TLF15,North Nottinghamshire,2009,10023
ITL3,TLF15,North Nottinghamshire,2010,10301
ITL3,TLF15,North Nottinghamshire,2011,10600
ITL3,TLF15,North Nottinghamshire,2012,10721
ITL3,TLF15,North Nottinghamshire,2013,10883
ITL3,TLF15,North Nottinghamshire,2014,11041
ITL3,TLF15,North Nottinghamshire,2015,11380
ITL3,TLF15,North Nottinghamshire,2016,11500
ITL3,TLF15,North Nottinghamshire,2017,11617
ITL3,TLF15,North Nottinghamshire,2018,11839
ITL3,TLF15,North Nottinghamshire,2019,11982
ITL3,TLF15,North Nottinghamshire,2020,11108
ITL3,TLF15,North Nottinghamshire,2021,11846
ITL3,TLF15,North Nottinghamshire,2022,12318
ITL3,TLF15,North Nottinghamshire,2023,12084
ITL3,TLF16,South Nottinghamshire,1998,6501
ITL3,TLF16,South Nottinghamshire,1999,6714
ITL3,TLF16,South Nottinghamshire,2000,6696
ITL3,TLF16,South Nottinghamshire,2001,6868
ITL3,TLF16,South Nottinghamshire,2002,6909
ITL3,TLF16,South Nottinghamshire,2003,6972
ITL3,TLF16,South Nottinghamshire,2004,7184
ITL3,TLF16,South Nottinghamshire,2005,7365
ITL3,TLF16,South Nottinghamshire,2006,7497
ITL3,TLF16,South Nottinghamshire,2007,7533
ITL3,TLF16,South Nottinghamshire,2008,7470
ITL3,TLF16,South Nottinghamshire,2009,7220
ITL3,TLF16,South Nottinghamshire,2010,7427
ITL3,TLF16,South Nottinghamshire,2011,7487
ITL3,TLF16,South Nottinghamshire,2012,7692
ITL3,TLF16,South Nottinghamshire,2013,7811
ITL3,TLF16,South Nottinghamshire,2014,7780
ITL3,TLF16,South Nottinghamshire,2015,8010
ITL3,TLF16,South Nottinghamshire,2016,8054
ITL3,TLF16,South Nottinghamshire,2017,8140
ITL3,TLF16,South Nottinghamshire,2018,8500
ITL3,TLF16,South Nottinghamshire,2019,8523
ITL3,TLF16,South Nottinghamshire,2020,7979
ITL3,TLF16,South Nottinghamshire,2021,8360
ITL3,TLF16,South Nottinghamshire,2022,8928
ITL3,TLF16,South Nottinghamshire,2023,8969
ITL2,TLF2,"Leicestershire, Rutland and Northamptonshire",1998,40263
ITL2,TLF2,"Leicestershire, Rutland and Northamptonshire",1999,41056
ITL2,TLF2,"Leicestershire, Rutland and Northamptonshire",2000,42936
ITL2,TLF2,"Leicestershire, Rutland and Northamptonshire",2001,43810
ITL2,TLF2,"Leicestershire, Rutland and Northamptonshire",2002,44158
ITL2,TLF2,"Leicestershire, Rutland and Northamptonshire",2003,46005
ITL2,TLF2,"Leicestershire, Rutland and Northamptonshire",2004,47449
ITL2,TLF2,"Leicestershire, Rutland and Northamptonshire",2005,47731
ITL2,TLF2,"Leicestershire, Rutland and Northamptonshire",2006,50443
ITL2,TLF2,"Leicestershire, Rutland and Northamptonshire",2007,51232
ITL2,TLF2,"Leicestershire, Rutland and Northamptonshire",2008,51235
ITL2,TLF2,"Leicestershire, Rutland and Northamptonshire",2009,48517
ITL2,TLF2,"Leicestershire, Rutland and Northamptonshire",2010,50377
ITL2,TLF2,"Leicestershire, Rutland and Northamptonshire",2011,49935
ITL2,TLF2,"Leicestershire, Rutland and Northamptonshire",2012,50662
ITL2,TLF2,"Leicestershire, Rutland and Northamptonshire",2013,52455
ITL2,TLF2,"Leicestershire, Rutland and Northamptonshire",2014,54220
ITL2,TLF2,"Leicestershire, Rutland and Northamptonshire",2015,55593
ITL2,TLF2,"Leicestershire, Rutland and Northamptonshire",2016,56635
ITL2,TLF2,"Leicestershire, Rutland and Northamptonshire",2017,57264
ITL2,TLF2,"Leicestershire, Rutland and Northamptonshire",2018,58716
ITL2,TLF2,"Leicestershire, Rutland and Northamptonshire",2019,59171
ITL2,TLF2,"Leicestershire, Rutland and Northamptonshire",2020,52465
ITL2,TLF2,"Leicestershire, Rutland and Northamptonshire",2021,58966
ITL2,TLF2,"Leicestershire, Rutland and Northamptonshire",2022,60408
ITL2,TLF2,"Leicestershire, Rutland and Northamptonshire",2023,60937
ITL3,TLF21,Leicester,1998,6735
ITL3,TLF21,Leicester,1999,6894
ITL3,TLF21,Leicester,2000,7240
ITL3,TLF21,Leicester,2001,7403
ITL3,TLF21,Leicester,2002,7485
ITL3,TLF21,Leicester,2003,7854
ITL3,TLF21,Leicester,2004,8274
ITL3,TLF21,Leicester,2005,8387
ITL3,TLF21,Leicester,2006,8809
ITL3,TLF21,Leicester,2007,9025
ITL3,TLF21,Leicester,2008,9111
ITL3,TLF21,Leicester,2009,8755
ITL3,TLF21,Leicester,2010,9066
ITL3,TLF21,Leicester,2011,9099
ITL3,TLF21,Leicester,2012,9323
ITL3,TLF21,Leicester,2013,9587
ITL3,TLF21,Leicester,2014,10130
ITL3,TLF21,Leicester,2015,10394
ITL3,TLF21,Leicester,2016,10556
ITL3,TLF21,Leicester,2017,10503
ITL3,TLF21,Leicester,2018,10731
ITL3,TLF21,Leicester,2019,10862
ITL3,TLF21,Leicester,2020,9381
ITL3,TLF21,Leicester,2021,10695
ITL3,TLF21,Leicester,2022,10643
ITL3,TLF21,Leicester,2023,10583
ITL3,TLF22,Leicestershire CC and Rutland,1998,16931
ITL3,TLF22,Leicestershire CC and Rutland,1999,17173
ITL3,TLF22,Leicestershire CC and Rutland,2000,17900
ITL3,TLF22,Leicestershire CC and Rutland,2001,18312
ITL3,TLF22,Leicestershire CC and Rutland,2002,18582
ITL3,TLF22,Leicestershire CC and Rutland,2003,19428
ITL3,TLF22,Leicestershire CC and Rutland,2004,19981
ITL3,TLF22,Leicestershire CC and Rutland,2005,20080
ITL3,TLF22,Leicestershire CC and Rutland,2006,21073
ITL3,TLF22,Leicestershire CC and Rutland,2007,21267
ITL3,TLF22,Leicestershire CC and Rutland,2008,21210
ITL3,TLF22,Leicestershire CC and Rutland,2009,19980
ITL3,TLF22,Leicestershire CC and Rutland,2010,20856
ITL3,TLF22,Leicestershire CC and Rutland,2011,20536
ITL3,TLF22,Leicestershire CC and Rutland,2012,20755
ITL3,TLF22,Leicestershire CC and Rutland,2013,21284
ITL3,TLF22,Leicestershire CC and Rutland,2014,21778
ITL3,TLF22,Leicestershire CC and Rutland,2015,22158
ITL3,TLF22,Leicestershire CC and Rutland,2016,22497
ITL3,TLF22,Leicestershire CC and Rutland,2017,22720
ITL3,TLF22,Leicestershire CC and Rutland,2018,23128
ITL3,TLF22,Leicestershire CC and Rutland,2019,23106
ITL3,TLF22,Leicestershire CC and Rutland,2020,20553
ITL3,TLF22,Leicestershire CC and Rutland,2021,23188
ITL3,TLF22,Leicestershire CC and Rutland,2022,24121
ITL3,TLF22,Leicestershire CC and Rutland,2023,24777
ITL3,TLF24,West Northamptonshire,1998,10340
ITL3,TLF24,West Northamptonshire,1999,10423
ITL3,TLF24,West Northamptonshire,2000,11073
ITL3,TLF24,West Northamptonshire,2001,11309
ITL3,TLF24,West Northamptonshire,2002,11435
ITL3,TLF24,West Northamptonshire,2003,11708
ITL3,TLF24,West Northamptonshire,2004,12052
ITL3,TLF24,West Northamptonshire,2005,12315
ITL3,TLF24,West Northamptonshire,2006,13138
ITL3,TLF24,West Northamptonshire,2007,13488
ITL3,TLF24,West Northamptonshire,2008,13566
ITL3,TLF24,West Northamptonshire,2009,12685
ITL3,TLF24,West Northamptonshire,2010,13066
ITL3,TLF24,West Northamptonshire,2011,13173
ITL3,TLF24,West Northamptonshire,2012,13147
ITL3,TLF24,West Northamptonshire,2013,13712
ITL3,TLF24,West Northamptonshire,2014,14071
ITL3,TLF24,West Northamptonshire,2015,14402
ITL3,TLF24,West Northamptonshire,2016,14775
ITL3,TLF24,West Northamptonshire,2017,15297
ITL3,TLF24,West Northamptonshire,2018,15858
ITL3,TLF24,West Northamptonshire,2019,16019
ITL3,TLF24,West Northamptonshire,2020,14249
ITL3,TLF24,West Northamptonshire,2021,15976
ITL3,TLF24,West Northamptonshire,2022,16308
ITL3,TLF24,West Northamptonshire,2023,16227
ITL3,TLF25,North Northamptonshire,1998,6754
ITL3,TLF25,North Northamptonshire,1999,6889
ITL3,TLF25,North Northamptonshire,2000,7162
ITL3,TLF25,North Northamptonshire,2001,7161
ITL3,TLF25,North Northamptonshire,2002,7098
ITL3,TLF25,North Northamptonshire,2003,7401
ITL3,TLF25,North Northamptonshire,2004,7605
ITL3,TLF25,North Northamptonshire,2005,7649
ITL3,TLF25,North Northamptonshire,2006,7960
ITL3,TLF25,North Northamptonshire,2007,8076
ITL3,TLF25,North Northamptonshire,2008,8092
ITL3,TLF25,North Northamptonshire,2009,7648
ITL3,TLF25,North Northamptonshire,2010,7918
ITL3,TLF25,North Northamptonshire,2011,7741
ITL3,TLF25,North Northamptonshire,2012,8070
ITL3,TLF25,North Northamptonshire,2013,8233
ITL3,TLF25,North Northamptonshire,2014,8562
ITL3,TLF25,North Northamptonshire,2015,8711
ITL3,TLF25,North Northamptonshire,2016,8850
ITL3,TLF25,North Northamptonshire,2017,8869
ITL3,TLF25,North Northamptonshire,2018,9066
ITL3,TLF25,North Northamptonshire,2019,9198
ITL3,TLF25,North Northamptonshire,2020,8261
ITL3,TLF25,North Northamptonshire,2021,9131
ITL3,TLF25,North Northamptonshire,2022,9335
ITL3,TLF25,North Northamptonshire,2023,9278
ITL2,TLF3,Lincolnshire,1998,14071
ITL2,TLF3,Lincolnshire,1999,14442
ITL2,TLF3,Lincolnshire,2000,15012
ITL2,TLF3,Lincolnshire,2001,15817
ITL2,TLF3,Lincolnshire,2002,16340
ITL2,TLF3,Lincolnshire,2003,16825
ITL2,TLF3,Lincolnshire,2004,16394
ITL2,TLF3,Lincolnshire,2005,16888
ITL2,TLF3,Lincolnshire,2006,17621
ITL2,TLF3,Lincolnshire,2007,17677
ITL2,TLF3,Lincolnshire,2008,18019
ITL2,TLF3,Lincolnshire,2009,17044
ITL2,TLF3,Lincolnshire,2010,17245
ITL2,TLF3,Lincolnshire,2011,17513
ITL2,TLF3,Lincolnshire,2012,17751
ITL2,TLF3,Lincolnshire,2013,18356
ITL2,TLF3,Lincolnshire,2014,18919
ITL2,TLF3,Lincolnshire,2015,18845
ITL2,TLF3,Lincolnshire,2016,18884
ITL2,TLF3,Lincolnshire,2017,19741
ITL2,TLF3,Lincolnshire,2018,20141
ITL2,TLF3,Lincolnshire,2019,20859
ITL2,TLF3,Lincolnshire,2020,18697
ITL2,TLF3,Lincolnshire,2021,20278
ITL2,TLF3,Lincolnshire,2022,20608
ITL2,TLF3,Lincolnshire,2023,20693
ITL3,TLF30,Lincolnshire CC,1998,14092
ITL3,TLF30,Lincolnshire CC,1999,14486
ITL3,TLF30,Lincolnshire CC,2000,15035
ITL3,TLF30,Lincolnshire CC,2001,15841
ITL3,TLF30,Lincolnshire CC,2002,16317
ITL3,TLF30,Lincolnshire CC,2003,16779
ITL3,TLF30,Lincolnshire CC,2004,16328
ITL3,TLF30,Lincolnshire CC,2005,16821
ITL3,TLF30,Lincolnshire CC,2006,17507
ITL3,TLF30,Lincolnshire CC,2007,17546
ITL3,TLF30,Lincolnshire CC,2008,17890
ITL3,TLF30,Lincolnshire CC,2009,17005
ITL3,TLF30,Lincolnshire CC,2010,17205
ITL3,TLF30,Lincolnshire CC,2011,17453
ITL3,TLF30,Lincolnshire CC,2012,17751
ITL3,TLF30,Lincolnshire CC,2013,18376
ITL3,TLF30,Lincolnshire CC,2014,18939
ITL3,TLF30,Lincolnshire CC,2015,18924
ITL3,TLF30,Lincolnshire CC,2016,18903
ITL3,TLF30,Lincolnshire CC,2017,19760
ITL3,TLF30,Lincolnshire CC,2018,20199
ITL3,TLF30,Lincolnshire CC,2019,20858
ITL3,TLF30,Lincolnshire CC,2020,18713
ITL3,TLF30,Lincolnshire CC,2021,20296
ITL3,TLF30,Lincolnshire CC,2022,20608
ITL3,TLF30,Lincolnshire CC,2023,20676
ITL1,TLG,West Midlands,1998,129333
ITL1,TLG,West Midlands,1999,132932
ITL1,TLG,West Midlands,2000,136378
ITL1,TLG,West Midlands,2001,140208
ITL1,TLG,West Midlands,2002,141518
ITL1,TLG,West Midlands,2003,145228
ITL1,TLG,West Midlands,2004,148542
ITL1,TLG,West Midlands,2005,150306
ITL1,TLG,West Midlands,2006,152595
ITL1,TLG,West Midlands,2007,153162
ITL1,TLG,West Midlands,2008,153006
ITL1,TLG,West Midlands,2009,144321
ITL1,TLG,West Midlands,2010,148261
ITL1,TLG,West Midlands,2011,152277
ITL1,TLG,West Midlands,2012,154174
ITL1,TLG,West Midlands,2013,157557
ITL1,TLG,West Midlands,2014,162793
ITL1,TLG,West Midlands,2015,167192
ITL1,TLG,West Midlands,2016,170915
ITL1,TLG,West Midlands,2017,176512
ITL1,TLG,West Midlands,2018,178734
ITL1,TLG,West Midlands,2019,178097
ITL1,TLG,West Midlands,2020,158949
ITL1,TLG,West Midlands,2021,174578
ITL1,TLG,West Midlands,2022,180038
ITL1,TLG,West Midlands,2023,181936
ITL2,TLG1,"Herefordshire, Worcestershire and Warwickshire",1998,30704
ITL2,TLG1,"Herefordshire, Worcestershire and Warwickshire",1999,32141
ITL2,TLG1,"Herefordshire, Worcestershire and Warwickshire",2000,33439
ITL2,TLG1,"Herefordshire, Worcestershire and Warwickshire",2001,33471
ITL2,TLG1,"Herefordshire, Worcestershire and Warwickshire",2002,33697
ITL2,TLG1,"Herefordshire, Worcestershire and Warwickshire",2003,34803
ITL2,TLG1,"Herefordshire, Worcestershire and Warwickshire",2004,35402
ITL2,TLG1,"Herefordshire, Worcestershire and Warwickshire",2005,35865
ITL2,TLG1,"Herefordshire, Worcestershire and Warwickshire",2006,37201
ITL2,TLG1,"Herefordshire, Worcestershire and Warwickshire",2007,36506
ITL2,TLG1,"Herefordshire, Worcestershire and Warwickshire",2008,36867
ITL2,TLG1,"Herefordshire, Worcestershire and Warwickshire",2009,35107
ITL2,TLG1,"Herefordshire, Worcestershire and Warwickshire",2010,36175
ITL2,TLG1,"Herefordshire, Worcestershire and Warwickshire",2011,37747
ITL2,TLG1,"Herefordshire, Worcestershire and Warwickshire",2012,38848
ITL2,TLG1,"Herefordshire, Worcestershire and Warwickshire",2013,40373
ITL2,TLG1,"Herefordshire, Worcestershire and Warwickshire",2014,42215
ITL2,TLG1,"Herefordshire, Worcestershire and Warwickshire",2015,43733
ITL2,TLG1,"Herefordshire, Worcestershire and Warwickshire",2016,43741
ITL2,TLG1,"Herefordshire, Worcestershire and Warwickshire",2017,46701
ITL2,TLG1,"Herefordshire, Worcestershire and Warwickshire",2018,47185
ITL2,TLG1,"Herefordshire, Worcestershire and Warwickshire",2019,46654
ITL2,TLG1,"Herefordshire, Worcestershire and Warwickshire",2020,42896
ITL2,TLG1,"Herefordshire, Worcestershire and Warwickshire",2021,45404
ITL2,TLG1,"Herefordshire, Worcestershire and Warwickshire",2022,48608
ITL2,TLG1,"Herefordshire, Worcestershire and Warwickshire",2023,49974
ITL3,TLG11,"Herefordshire, County of",1998,3853
ITL3,TLG11,"Herefordshire, County of",1999,4061
ITL3,TLG11,"Herefordshire, County of",2000,4241
ITL3,TLG11,"Herefordshire, County of",2001,4241
ITL3,TLG11,"Herefordshire, County of",2002,4355
ITL3,TLG11,"Herefordshire, County of",2003,4372
ITL3,TLG11,"Herefordshire, County of",2004,4260
ITL3,TLG11,"Herefordshire, County of",2005,4334
ITL3,TLG11,"Herefordshire, County of",2006,4397
ITL3,TLG11,"Herefordshire, County of",2007,4324
ITL3,TLG11,"Herefordshire, County of",2008,4396
ITL3,TLG11,"Herefordshire, County of",2009,4203
ITL3,TLG11,"Herefordshire, County of",2010,4196
ITL3,TLG11,"Herefordshire, County of",2011,4392
ITL3,TLG11,"Herefordshire, County of",2012,4449
ITL3,TLG11,"Herefordshire, County of",2013,4554
ITL3,TLG11,"Herefordshire, County of",2014,4784
ITL3,TLG11,"Herefordshire, County of",2015,4838
ITL3,TLG11,"Herefordshire, County of",2016,4820
ITL3,TLG11,"Herefordshire, County of",2017,4963
ITL3,TLG11,"Herefordshire, County of",2018,5083
ITL3,TLG11,"Herefordshire, County of",2019,5147
ITL3,TLG11,"Herefordshire, County of",2020,4647
ITL3,TLG11,"Herefordshire, County of",2021,4982
ITL3,TLG11,"Herefordshire, County of",2022,5251
ITL3,TLG11,"Herefordshire, County of",2023,5317
ITL3,TLG12,Worcestershire CC,1998,12742
ITL3,TLG12,Worcestershire CC,1999,13171
ITL3,TLG12,Worcestershire CC,2000,13759
ITL3,TLG12,Worcestershire CC,2001,13802
ITL3,TLG12,Worcestershire CC,2002,13791
ITL3,TLG12,Worcestershire CC,2003,14260
ITL3,TLG12,Worcestershire CC,2004,14614
ITL3,TLG12,Worcestershire CC,2005,14619
ITL3,TLG12,Worcestershire CC,2006,15052
ITL3,TLG12,Worcestershire CC,2007,14725
ITL3,TLG12,Worcestershire CC,2008,14913
ITL3,TLG12,Worcestershire CC,2009,14399
ITL3,TLG12,Worcestershire CC,2010,14930
ITL3,TLG12,Worcestershire CC,2011,15473
ITL3,TLG12,Worcestershire CC,2012,15890
ITL3,TLG12,Worcestershire CC,2013,16091
ITL3,TLG12,Worcestershire CC,2014,16694
ITL3,TLG12,Worcestershire CC,2015,16917
ITL3,TLG12,Worcestershire CC,2016,16783
ITL3,TLG12,Worcestershire CC,2017,17764
ITL3,TLG12,Worcestershire CC,2018,18039
ITL3,TLG12,Worcestershire CC,2019,18038
ITL3,TLG12,Worcestershire CC,2020,16745
ITL3,TLG12,Worcestershire CC,2021,17478
ITL3,TLG12,Worcestershire CC,2022,18593
ITL3,TLG12,Worcestershire CC,2023,18701
ITL3,TLG13,Warwickshire CC,1998,14522
ITL3,TLG13,Warwickshire CC,1999,15325
ITL3,TLG13,Warwickshire CC,2000,15899
ITL3,TLG13,Warwickshire CC,2001,15897
ITL3,TLG13,Warwickshire CC,2002,16022
ITL3,TLG13,Warwickshire CC,2003,16619
ITL3,TLG13,Warwickshire CC,2004,16983
ITL3,TLG13,Warwickshire CC,2005,17434
ITL3,TLG13,Warwickshire CC,2006,18194
ITL3,TLG13,Warwickshire CC,2007,17927
ITL3,TLG13,Warwickshire CC,2008,18071
ITL3,TLG13,Warwickshire CC,2009,17051
ITL3,TLG13,Warwickshire CC,2010,17621
ITL3,TLG13,Warwickshire CC,2011,18477
ITL3,TLG13,Warwickshire CC,2012,19156
ITL3,TLG13,Warwickshire CC,2013,20275
ITL3,TLG13,Warwickshire CC,2014,21261
ITL3,TLG13,Warwickshire CC,2015,22329
ITL3,TLG13,Warwickshire CC,2016,22326
ITL3,TLG13,Warwickshire CC,2017,24275
ITL3,TLG13,Warwickshire CC,2018,24281
ITL3,TLG13,Warwickshire CC,2019,23651
ITL3,TLG13,Warwickshire CC,2020,21601
ITL3,TLG13,Warwickshire CC,2021,22904
ITL3,TLG13,Warwickshire CC,2022,24764
ITL3,TLG13,Warwickshire CC,2023,25976
ITL2,TLG2,Shropshire and Staffordshire,1998,34486
ITL2,TLG2,Shropshire and Staffordshire,1999,34764
ITL2,TLG2,Shropshire and Staffordshire,2000,35463
ITL2,TLG2,Shropshire and Staffordshire,2001,36334
ITL2,TLG2,Shropshire and Staffordshire,2002,37413
ITL2,TLG2,Shropshire and Staffordshire,2003,38394
ITL2,TLG2,Shropshire and Staffordshire,2004,39673
ITL2,TLG2,Shropshire and Staffordshire,2005,40156
ITL2,TLG2,Shropshire and Staffordshire,2006,40925
ITL2,TLG2,Shropshire and Staffordshire,2007,40693
ITL2,TLG2,Shropshire and Staffordshire,2008,41278
ITL2,TLG2,Shropshire and Staffordshire,2009,38739
ITL2,TLG2,Shropshire and Staffordshire,2010,39538
ITL2,TLG2,Shropshire and Staffordshire,2011,40638
ITL2,TLG2,Shropshire and Staffordshire,2012,40685
ITL2,TLG2,Shropshire and Staffordshire,2013,41542
ITL2,TLG2,Shropshire and Staffordshire,2014,42292
ITL2,TLG2,Shropshire and Staffordshire,2015,42842
ITL2,TLG2,Shropshire and Staffordshire,2016,43411
ITL2,TLG2,Shropshire and Staffordshire,2017,44391
ITL2,TLG2,Shropshire and Staffordshire,2018,45117
ITL2,TLG2,Shropshire and Staffordshire,2019,45380
ITL2,TLG2,Shropshire and Staffordshire,2020,41064
ITL2,TLG2,Shropshire and Staffordshire,2021,46987
ITL2,TLG2,Shropshire and Staffordshire,2022,46040
ITL2,TLG2,Shropshire and Staffordshire,2023,45710
ITL3,TLG21,Telford and Wrekin,1998,4255
ITL3,TLG21,Telford and Wrekin,1999,4359
ITL3,TLG21,Telford and Wrekin,2000,4405
ITL3,TLG21,Telford and Wrekin,2001,4548
ITL3,TLG21,Telford and Wrekin,2002,4586
ITL3,TLG21,Telford and Wrekin,2003,4664
ITL3,TLG21,Telford and Wrekin,2004,4778
ITL3,TLG21,Telford and Wrekin,2005,4844
ITL3,TLG21,Telford and Wrekin,2006,4860
ITL3,TLG21,Telford and Wrekin,2007,4942
ITL3,TLG21,Telford and Wrekin,2008,4999
ITL3,TLG21,Telford and Wrekin,2009,4686
ITL3,TLG21,Telford and Wrekin,2010,4725
ITL3,TLG21,Telford and Wrekin,2011,4850
ITL3,TLG21,Telford and Wrekin,2012,4912
ITL3,TLG21,Telford and Wrekin,2013,4999
ITL3,TLG21,Telford and Wrekin,2014,5067
ITL3,TLG21,Telford and Wrekin,2015,5077
ITL3,TLG21,Telford and Wrekin,2016,5371
ITL3,TLG21,Telford and Wrekin,2017,5521
ITL3,TLG21,Telford and Wrekin,2018,5654
ITL3,TLG21,Telford and Wrekin,2019,5811
ITL3,TLG21,Telford and Wrekin,2020,5630
ITL3,TLG21,Telford and Wrekin,2021,6312
ITL3,TLG21,Telford and Wrekin,2022,6208
ITL3,TLG21,Telford and Wrekin,2023,5938
ITL3,TLG22,Shropshire,1998,6537
ITL3,TLG22,Shropshire,1999,6579
ITL3,TLG22,Shropshire,2000,6745
ITL3,TLG22,Shropshire,2001,6877
ITL3,TLG22,Shropshire,2002,7152
ITL3,TLG22,Shropshire,2003,7314
ITL3,TLG22,Shropshire,2004,7468
ITL3,TLG22,Shropshire,2005,7621
ITL3,TLG22,Shropshire,2006,7751
ITL3,TLG22,Shropshire,2007,7643
ITL3,TLG22,Shropshire,2008,7802
ITL3,TLG22,Shropshire,2009,7387
ITL3,TLG22,Shropshire,2010,7452
ITL3,TLG22,Shropshire,2011,7619
ITL3,TLG22,Shropshire,2012,7599
ITL3,TLG22,Shropshire,2013,7792
ITL3,TLG22,Shropshire,2014,8035
ITL3,TLG22,Shropshire,2015,7990
ITL3,TLG22,Shropshire,2016,8151
ITL3,TLG22,Shropshire,2017,8181
ITL3,TLG22,Shropshire,2018,8352
ITL3,TLG22,Shropshire,2019,8261
ITL3,TLG22,Shropshire,2020,7349
ITL3,TLG22,Shropshire,2021,8385
ITL3,TLG22,Shropshire,2022,8462
ITL3,TLG22,Shropshire,2023,8421
ITL3,TLG23,Stoke-on-Trent,1998,4437
ITL3,TLG23,Stoke-on-Trent,1999,4493
ITL3,TLG23,Stoke-on-Trent,2000,4638
ITL3,TLG23,Stoke-on-Trent,2001,4779
ITL3,TLG23,Stoke-on-Trent,2002,4887
ITL3,TLG23,Stoke-on-Trent,2003,5049
ITL3,TLG23,Stoke-on-Trent,2004,5306
ITL3,TLG23,Stoke-on-Trent,2005,5391
ITL3,TLG23,Stoke-on-Trent,2006,5544
ITL3,TLG23,Stoke-on-Trent,2007,5587
ITL3,TLG23,Stoke-on-Trent,2008,5755
ITL3,TLG23,Stoke-on-Trent,2009,5558
ITL3,TLG23,Stoke-on-Trent,2010,5711
ITL3,TLG23,Stoke-on-Trent,2011,5929
ITL3,TLG23,Stoke-on-Trent,2012,6037
ITL3,TLG23,Stoke-on-Trent,2013,6215
ITL3,TLG23,Stoke-on-Trent,2014,6277
ITL3,TLG23,Stoke-on-Trent,2015,6424
ITL3,TLG23,Stoke-on-Trent,2016,6375
ITL3,TLG23,Stoke-on-Trent,2017,6726
ITL3,TLG23,Stoke-on-Trent,2018,7115
ITL3,TLG23,Stoke-on-Trent,2019,7188
ITL3,TLG23,Stoke-on-Trent,2020,6590
ITL3,TLG23,Stoke-on-Trent,2021,7456
ITL3,TLG23,Stoke-on-Trent,2022,7160
ITL3,TLG23,Stoke-on-Trent,2023,7286
ITL3,TLG24,Staffordshire CC,1998,19178
ITL3,TLG24,Staffordshire CC,1999,19293
ITL3,TLG24,Staffordshire CC,2000,19638
ITL3,TLG24,Staffordshire CC,2001,20085
ITL3,TLG24,Staffordshire CC,2002,20804
ITL3,TLG24,Staffordshire CC,2003,21354
ITL3,TLG24,Staffordshire CC,2004,22104
ITL3,TLG24,Staffordshire CC,2005,22339
ITL3,TLG24,Staffordshire CC,2006,22758
ITL3,TLG24,Staffordshire CC,2007,22517
ITL3,TLG24,Staffordshire CC,2008,22708
ITL3,TLG24,Staffordshire CC,2009,21144
ITL3,TLG24,Staffordshire CC,2010,21801
ITL3,TLG24,Staffordshire CC,2011,22337
ITL3,TLG24,Staffordshire CC,2012,22208
ITL3,TLG24,Staffordshire CC,2013,22650
ITL3,TLG24,Staffordshire CC,2014,23015
ITL3,TLG24,Staffordshire CC,2015,23488
ITL3,TLG24,Staffordshire CC,2016,23610
ITL3,TLG24,Staffordshire CC,2017,24102
ITL3,TLG24,Staffordshire CC,2018,24071
ITL3,TLG24,Staffordshire CC,2019,24222
ITL3,TLG24,Staffordshire CC,2020,21547
ITL3,TLG24,Staffordshire CC,2021,24850
ITL3,TLG24,Staffordshire CC,2022,24210
ITL3,TLG24,Staffordshire CC,2023,24048
ITL2,TLG3,West Midlands,1998,64160
ITL2,TLG3,West Midlands,1999,66139
ITL2,TLG3,West Midlands,2000,67629
ITL2,TLG3,West Midlands,2001,70467
ITL2,TLG3,West Midlands,2002,70558
ITL2,TLG3,West Midlands,2003,72171
ITL2,TLG3,West Midlands,2004,73619
ITL2,TLG3,West Midlands,2005,74430
ITL2,TLG3,West Midlands,2006,74649
ITL2,TLG3,West Midlands,2007,76127
ITL2,TLG3,West Midlands,2008,74957
ITL2,TLG3,West Midlands,2009,70515
ITL2,TLG3,West Midlands,2010,72657
ITL2,TLG3,West Midlands,2011,73867
ITL2,TLG3,West Midlands,2012,74811
ITL2,TLG3,West Midlands,2013,75713
ITL2,TLG3,West Midlands,2014,78349
ITL2,TLG3,West Midlands,2015,80629
ITL2,TLG3,West Midlands,2016,83924
ITL2,TLG3,West Midlands,2017,85333
ITL2,TLG3,West Midlands,2018,86481
ITL2,TLG3,West Midlands,2019,85949
ITL2,TLG3,West Midlands,2020,74966
ITL2,TLG3,West Midlands,2021,82218
ITL2,TLG3,West Midlands,2022,85390
ITL2,TLG3,West Midlands,2023,86228
ITL3,TLG31,Birmingham,1998,25133
ITL3,TLG31,Birmingham,1999,25665
ITL3,TLG31,Birmingham,2000,26307
ITL3,TLG31,Birmingham,2001,27287
ITL3,TLG31,Birmingham,2002,27616
ITL3,TLG31,Birmingham,2003,28451
ITL3,TLG31,Birmingham,2004,29468
ITL3,TLG31,Birmingham,2005,30046
ITL3,TLG31,Birmingham,2006,29971
ITL3,TLG31,Birmingham,2007,31039
ITL3,TLG31,Birmingham,2008,30708
ITL3,TLG31,Birmingham,2009,29200
ITL3,TLG31,Birmingham,2010,29775
ITL3,TLG31,Birmingham,2011,30176
ITL3,TLG31,Birmingham,2012,30557
ITL3,TLG31,Birmingham,2013,31195
ITL3,TLG31,Birmingham,2014,32010
ITL3,TLG31,Birmingham,2015,32786
ITL3,TLG31,Birmingham,2016,33663
ITL3,TLG31,Birmingham,2017,34125
ITL3,TLG31,Birmingham,2018,34960
ITL3,TLG31,Birmingham,2019,34956
ITL3,TLG31,Birmingham,2020,30533
ITL3,TLG31,Birmingham,2021,33683
ITL3,TLG31,Birmingham,2022,35353
ITL3,TLG31,Birmingham,2023,36220
ITL3,TLG32,Solihull,1998,7089
ITL3,TLG32,Solihull,1999,7247
ITL3,TLG32,Solihull,2000,7535
ITL3,TLG32,Solihull,2001,8152
ITL3,TLG32,Solihull,2002,7976
ITL3,TLG32,Solihull,2003,8189
ITL3,TLG32,Solihull,2004,8283
ITL3,TLG32,Solihull,2005,8390
ITL3,TLG32,Solihull,2006,8463
ITL3,TLG32,Solihull,2007,8617
ITL3,TLG32,Solihull,2008,8406
ITL3,TLG32,Solihull,2009,7710
ITL3,TLG32,Solihull,2010,8123
ITL3,TLG32,Solihull,2011,8423
ITL3,TLG32,Solihull,2012,8506
ITL3,TLG32,Solihull,2013,8567
ITL3,TLG32,Solihull,2014,8927
ITL3,TLG32,Solihull,2015,9657
ITL3,TLG32,Solihull,2016,10357
ITL3,TLG32,Solihull,2017,11152
ITL3,TLG32,Solihull,2018,11247
ITL3,TLG32,Solihull,2019,11241
ITL3,TLG32,Solihull,2020,9530
ITL3,TLG32,Solihull,2021,9989
ITL3,TLG32,Solihull,2022,10783
ITL3,TLG32,Solihull,2023,10852
ITL3,TLG33,Coventry,1998,8964
ITL3,TLG33,Coventry,1999,9153
ITL3,TLG33,Coventry,2000,9441
ITL3,TLG33,Coventry,2001,9795
ITL3,TLG33,Coventry,2002,9693
ITL3,TLG33,Coventry,2003,9889
ITL3,TLG33,Coventry,2004,10030
ITL3,TLG33,Coventry,2005,10306
ITL3,TLG33,Coventry,2006,10072
ITL3,TLG33,Coventry,2007,10548
ITL3,TLG33,Coventry,2008,10657
ITL3,TLG33,Coventry,2009,10174
ITL3,TLG33,Coventry,2010,10633
ITL3,TLG33,Coventry,2011,10764
ITL3,TLG33,Coventry,2012,10782
ITL3,TLG33,Coventry,2013,10758
ITL3,TLG33,Coventry,2014,11403
ITL3,TLG33,Coventry,2015,11996
ITL3,TLG33,Coventry,2016,12758
ITL3,TLG33,Coventry,2017,12356
ITL3,TLG33,Coventry,2018,12339
ITL3,TLG33,Coventry,2019,12261
ITL3,TLG33,Coventry,2020,10604
ITL3,TLG33,Coventry,2021,11645
ITL3,TLG33,Coventry,2022,11902
ITL3,TLG33,Coventry,2023,11998
ITL3,TLG36,Dudley,1998,5795
ITL3,TLG36,Dudley,1999,5989
ITL3,TLG36,Dudley,2000,6124
ITL3,TLG36,Dudley,2001,6383
ITL3,TLG36,Dudley,2002,6456
ITL3,TLG36,Dudley,2003,6448
ITL3,TLG36,Dudley,2004,6562
ITL3,TLG36,Dudley,2005,6558
ITL3,TLG36,Dudley,2006,6670
ITL3,TLG36,Dudley,2007,6707
ITL3,TLG36,Dudley,2008,6497
ITL3,TLG36,Dudley,2009,6034
ITL3,TLG36,Dudley,2010,6258
ITL3,TLG36,Dudley,2011,6377
ITL3,TLG36,Dudley,2012,6533
ITL3,TLG36,Dudley,2013,6551
ITL3,TLG36,Dudley,2014,6586
ITL3,TLG36,Dudley,2015,6614
ITL3,TLG36,Dudley,2016,6726
ITL3,TLG36,Dudley,2017,6878
ITL3,TLG36,Dudley,2018,6821
ITL3,TLG36,Dudley,2019,6825
ITL3,TLG36,Dudley,2020,5944
ITL3,TLG36,Dudley,2021,6682
ITL3,TLG36,Dudley,2022,6850
ITL3,TLG36,Dudley,2023,6622
ITL3,TLG37,Sandwell,1998,7097
ITL3,TLG37,Sandwell,1999,7313
ITL3,TLG37,Sandwell,2000,7297
ITL3,TLG37,Sandwell,2001,7553
ITL3,TLG37,Sandwell,2002,7572
ITL3,TLG37,Sandwell,2003,7754
ITL3,TLG37,Sandwell,2004,7712
ITL3,TLG37,Sandwell,2005,7576
ITL3,TLG37,Sandwell,2006,7679
ITL3,TLG37,Sandwell,2007,7448
ITL3,TLG37,Sandwell,2008,7182
ITL3,TLG37,Sandwell,2009,6753
ITL3,TLG37,Sandwell,2010,6909
ITL3,TLG37,Sandwell,2011,6833
ITL3,TLG37,Sandwell,2012,6933
ITL3,TLG37,Sandwell,2013,7018
ITL3,TLG37,Sandwell,2014,7455
ITL3,TLG37,Sandwell,2015,7739
ITL3,TLG37,Sandwell,2016,8007
ITL3,TLG37,Sandwell,2017,8188
ITL3,TLG37,Sandwell,2018,8317
ITL3,TLG37,Sandwell,2019,8060
ITL3,TLG37,Sandwell,2020,7456
ITL3,TLG37,Sandwell,2021,7795
ITL3,TLG37,Sandwell,2022,7773
ITL3,TLG37,Sandwell,2023,7814
ITL3,TLG38,Walsall,1998,5030
ITL3,TLG38,Walsall,1999,5095
ITL3,TLG38,Walsall,2000,5170
ITL3,TLG38,Walsall,2001,5198
ITL3,TLG38,Walsall,2002,5232
ITL3,TLG38,Walsall,2003,5311
ITL3,TLG38,Walsall,2004,5425
ITL3,TLG38,Walsall,2005,5475
ITL3,TLG38,Walsall,2006,5503
ITL3,TLG38,Walsall,2007,5508
ITL3,TLG38,Walsall,2008,5388
ITL3,TLG38,Walsall,2009,5039
ITL3,TLG38,Walsall,2010,5215
ITL3,TLG38,Walsall,2011,5436
ITL3,TLG38,Walsall,2012,5582
ITL3,TLG38,Walsall,2013,5780
ITL3,TLG38,Walsall,2014,6075
ITL3,TLG38,Walsall,2015,6142
ITL3,TLG38,Walsall,2016,6315
ITL3,TLG38,Walsall,2017,6308
ITL3,TLG38,Walsall,2018,6196
ITL3,TLG38,Walsall,2019,6019
ITL3,TLG38,Walsall,2020,5238
ITL3,TLG38,Walsall,2021,5879
ITL3,TLG38,Walsall,2022,5930
ITL3,TLG38,Walsall,2023,5948
ITL3,TLG39,Wolverhampton,1998,5675
ITL3,TLG39,Wolverhampton,1999,5840
ITL3,TLG39,Wolverhampton,2000,5991
ITL3,TLG39,Wolverhampton,2001,6148
ITL3,TLG39,Wolverhampton,2002,6203
ITL3,TLG39,Wolverhampton,2003,6244
ITL3,TLG39,Wolverhampton,2004,6384
ITL3,TLG39,Wolverhampton,2005,6453
ITL3,TLG39,Wolverhampton,2006,6539
ITL3,TLG39,Wolverhampton,2007,6531
ITL3,TLG39,Wolverhampton,2008,6416
ITL3,TLG39,Wolverhampton,2009,5975
ITL3,TLG39,Wolverhampton,2010,6071
ITL3,TLG39,Wolverhampton,2011,6248
ITL3,TLG39,Wolverhampton,2012,6138
ITL3,TLG39,Wolverhampton,2013,6087
ITL3,TLG39,Wolverhampton,2014,6134
ITL3,TLG39,Wolverhampton,2015,5895
ITL3,TLG39,Wolverhampton,2016,6188
ITL3,TLG39,Wolverhampton,2017,6494
ITL3,TLG39,Wolverhampton,2018,6675
ITL3,TLG39,Wolverhampton,2019,6723
ITL3,TLG39,Wolverhampton,2020,5798
ITL3,TLG39,Wolverhampton,2021,6590
ITL3,TLG39,Wolverhampton,2022,6799
ITL3,TLG39,Wolverhampton,2023,6745
ITL1,TLH,East,1998,136468
ITL1,TLH,East,1999,141103
ITL1,TLH,East,2000,148575
ITL1,TLH,East,2001,153591
ITL1,TLH,East,2002,155767
ITL1,TLH,East,2003,161695
ITL1,TLH,East,2004,164003
ITL1,TLH,East,2005,169682
ITL1,TLH,East,2006,173628
ITL1,TLH,East,2007,176591
ITL1,TLH,East,2008,177082
ITL1,TLH,East,2009,168799
ITL1,TLH,East,2010,171520
ITL1,TLH,East,2011,171834
ITL1,TLH,East,2012,174149
ITL1,TLH,East,2013,178432
ITL1,TLH,East,2014,186108
ITL1,TLH,East,2015,190612
ITL1,TLH,East,2016,194418
ITL1,TLH,East,2017,203995
ITL1,TLH,East,2018,204417
ITL1,TLH,East,2019,208332
ITL1,TLH,East,2020,185999
ITL1,TLH,East,2021,203670
ITL1,TLH,East,2022,212015
ITL1,TLH,East,2023,213825
ITL2,TLH2,Bedfordshire and Hertfordshire,1998,43608
ITL2,TLH2,Bedfordshire and Hertfordshire,1999,45566
ITL2,TLH2,Bedfordshire and Hertfordshire,2000,48308
ITL2,TLH2,Bedfordshire and Hertfordshire,2001,49533
ITL2,TLH2,Bedfordshire and Hertfordshire,2002,50072
ITL2,TLH2,Bedfordshire and Hertfordshire,2003,51864
ITL2,TLH2,Bedfordshire and Hertfordshire,2004,52851
ITL2,TLH2,Bedfordshire and Hertfordshire,2005,55192
ITL2,TLH2,Bedfordshire and Hertfordshire,2006,55855
ITL2,TLH2,Bedfordshire and Hertfordshire,2007,57044
ITL2,TLH2,Bedfordshire and Hertfordshire,2008,57881
ITL2,TLH2,Bedfordshire and Hertfordshire,2009,54159
ITL2,TLH2,Bedfordshire and Hertfordshire,2010,54368
ITL2,TLH2,Bedfordshire and Hertfordshire,2011,54300
ITL2,TLH2,Bedfordshire and Hertfordshire,2012,54671
ITL2,TLH2,Bedfordshire and Hertfordshire,2013,57436
ITL2,TLH2,Bedfordshire and Hertfordshire,2014,60925
ITL2,TLH2,Bedfordshire and Hertfordshire,2015,63067
ITL2,TLH2,Bedfordshire and Hertfordshire,2016,64399
ITL2,TLH2,Bedfordshire and Hertfordshire,2017,68296
ITL2,TLH2,Bedfordshire and Hertfordshire,2018,68421
ITL2,TLH2,Bedfordshire and Hertfordshire,2019,69577
ITL2,TLH2,Bedfordshire and Hertfordshire,2020,61791
ITL2,TLH2,Bedfordshire and Hertfordshire,2021,68172
ITL2,TLH2,Bedfordshire and Hertfordshire,2022,70770
ITL2,TLH2,Bedfordshire and Hertfordshire,2023,71593
ITL3,TLH21,Luton,1998,4012
ITL3,TLH21,Luton,1999,4116
ITL3,TLH21,Luton,2000,4525
ITL3,TLH21,Luton,2001,4595
ITL3,TLH21,Luton,2002,4590
ITL3,TLH21,Luton,2003,4742
ITL3,TLH21,Luton,2004,4788
ITL3,TLH21,Luton,2005,4914
ITL3,TLH21,Luton,2006,5128
ITL3,TLH21,Luton,2007,5384
ITL3,TLH21,Luton,2008,5474
ITL3,TLH21,Luton,2009,5058
ITL3,TLH21,Luton,2010,5068
ITL3,TLH21,Luton,2011,5080
ITL3,TLH21,Luton,2012,5168
ITL3,TLH21,Luton,2013,5618
ITL3,TLH21,Luton,2014,6125
ITL3,TLH21,Luton,2015,6231
ITL3,TLH21,Luton,2016,6260
ITL3,TLH21,Luton,2017,6555
ITL3,TLH21,Luton,2018,6579
ITL3,TLH21,Luton,2019,6679
ITL3,TLH21,Luton,2020,4877
ITL3,TLH21,Luton,2021,5381
ITL3,TLH21,Luton,2022,7103
ITL3,TLH21,Luton,2023,7469
ITL3,TLH24,Bedford,1998,3817
ITL3,TLH24,Bedford,1999,4007
ITL3,TLH24,Bedford,2000,4144
ITL3,TLH24,Bedford,2001,4329
ITL3,TLH24,Bedford,2002,4363
ITL3,TLH24,Bedford,2003,4474
ITL3,TLH24,Bedford,2004,4497
ITL3,TLH24,Bedford,2005,4667
ITL3,TLH24,Bedford,2006,4700
ITL3,TLH24,Bedford,2007,4675
ITL3,TLH24,Bedford,2008,4683
ITL3,TLH24,Bedford,2009,4431
ITL3,TLH24,Bedford,2010,4419
ITL3,TLH24,Bedford,2011,4381
ITL3,TLH24,Bedford,2012,4415
ITL3,TLH24,Bedford,2013,4526
ITL3,TLH24,Bedford,2014,4747
ITL3,TLH24,Bedford,2015,4928
ITL3,TLH24,Bedford,2016,5067
ITL3,TLH24,Bedford,2017,5331
ITL3,TLH24,Bedford,2018,5300
ITL3,TLH24,Bedford,2019,5427
ITL3,TLH24,Bedford,2020,4639
ITL3,TLH24,Bedford,2021,5280
ITL3,TLH24,Bedford,2022,5521
ITL3,TLH24,Bedford,2023,5423
ITL3,TLH25,Central Bedfordshire,1998,5703
ITL3,TLH25,Central Bedfordshire,1999,5860
ITL3,TLH25,Central Bedfordshire,2000,6103
ITL3,TLH25,Central Bedfordshire,2001,6204
ITL3,TLH25,Central Bedfordshire,2002,6303
ITL3,TLH25,Central Bedfordshire,2003,6412
ITL3,TLH25,Central Bedfordshire,2004,6422
ITL3,TLH25,Central Bedfordshire,2005,6558
ITL3,TLH25,Central Bedfordshire,2006,6542
ITL3,TLH25,Central Bedfordshire,2007,6472
ITL3,TLH25,Central Bedfordshire,2008,6478
ITL3,TLH25,Central Bedfordshire,2009,6115
ITL3,TLH25,Central Bedfordshire,2010,6275
ITL3,TLH25,Central Bedfordshire,2011,6371
ITL3,TLH25,Central Bedfordshire,2012,6456
ITL3,TLH25,Central Bedfordshire,2013,6823
ITL3,TLH25,Central Bedfordshire,2014,7098
ITL3,TLH25,Central Bedfordshire,2015,7236
ITL3,TLH25,Central Bedfordshire,2016,7546
ITL3,TLH25,Central Bedfordshire,2017,8024
ITL3,TLH25,Central Bedfordshire,2018,7935
ITL3,TLH25,Central Bedfordshire,2019,7759
ITL3,TLH25,Central Bedfordshire,2020,6728
ITL3,TLH25,Central Bedfordshire,2021,7399
ITL3,TLH25,Central Bedfordshire,2022,7740
ITL3,TLH25,Central Bedfordshire,2023,7989
ITL3,TLH26,North and East Hertfordshire,1998,13335
ITL3,TLH26,North and East Hertfordshire,1999,14301
ITL3,TLH26,North and East Hertfordshire,2000,15218
ITL3,TLH26,North and East Hertfordshire,2001,15588
ITL3,TLH26,North and East Hertfordshire,2002,15829
ITL3,TLH26,North and East Hertfordshire,2003,16599
ITL3,TLH26,North and East Hertfordshire,2004,16984
ITL3,TLH26,North and East Hertfordshire,2005,18192
ITL3,TLH26,North and East Hertfordshire,2006,18644
ITL3,TLH26,North and East Hertfordshire,2007,19041
ITL3,TLH26,North and East Hertfordshire,2008,19654
ITL3,TLH26,North and East Hertfordshire,2009,18128
ITL3,TLH26,North and East Hertfordshire,2010,17950
ITL3,TLH26,North and East Hertfordshire,2011,17538
ITL3,TLH26,North and East Hertfordshire,2012,17586
ITL3,TLH26,North and East Hertfordshire,2013,18289
ITL3,TLH26,North and East Hertfordshire,2014,19387
ITL3,TLH26,North and East Hertfordshire,2015,19674
ITL3,TLH26,North and East Hertfordshire,2016,19730
ITL3,TLH26,North and East Hertfordshire,2017,20628
ITL3,TLH26,North and East Hertfordshire,2018,20865
ITL3,TLH26,North and East Hertfordshire,2019,21950
ITL3,TLH26,North and East Hertfordshire,2020,20636
ITL3,TLH26,North and East Hertfordshire,2021,22771
ITL3,TLH26,North and East Hertfordshire,2022,22414
ITL3,TLH26,North and East Hertfordshire,2023,23012
ITL3,TLH27,South West Hertfordshire,1998,16938
ITL3,TLH27,South West Hertfordshire,1999,17482
ITL3,TLH27,South West Hertfordshire,2000,18451
ITL3,TLH27,South West Hertfordshire,2001,18951
ITL3,TLH27,South West Hertfordshire,2002,19140
ITL3,TLH27,South West Hertfordshire,2003,19820
ITL3,TLH27,South West Hertfordshire,2004,20322
ITL3,TLH27,South West Hertfordshire,2005,20976
ITL3,TLH27,South West Hertfordshire,2006,20902
ITL3,TLH27,South West Hertfordshire,2007,21525
ITL3,TLH27,South West Hertfordshire,2008,21670
ITL3,TLH27,South West Hertfordshire,2009,20459
ITL3,TLH27,South West Hertfordshire,2010,20768
ITL3,TLH27,South West Hertfordshire,2011,21067
ITL3,TLH27,South West Hertfordshire,2012,21249
ITL3,TLH27,South West Hertfordshire,2013,22417
ITL3,TLH27,South West Hertfordshire,2014,23750
ITL3,TLH27,South West Hertfordshire,2015,25249
ITL3,TLH27,South West Hertfordshire,2016,26089
ITL3,TLH27,South West Hertfordshire,2017,28102
ITL3,TLH27,South West Hertfordshire,2018,27995
ITL3,TLH27,South West Hertfordshire,2019,28033
ITL3,TLH27,South West Hertfordshire,2020,25276
ITL3,TLH27,South West Hertfordshire,2021,27696
ITL3,TLH27,South West Hertfordshire,2022,27990
ITL3,TLH27,South West Hertfordshire,2023,27709
ITL2,TLH3,Essex,1998,39569
ITL2,TLH3,Essex,1999,39818
ITL2,TLH3,Essex,2000,41819
ITL2,TLH3,Essex,2001,43795
ITL2,TLH3,Essex,2002,43992
ITL2,TLH3,Essex,2003,46734
ITL2,TLH3,Essex,2004,46958
ITL2,TLH3,Essex,2005,47462
ITL2,TLH3,Essex,2006,48376
ITL2,TLH3,Essex,2007,48913
ITL2,TLH3,Essex,2008,48605
ITL2,TLH3,Essex,2009,46469
ITL2,TLH3,Essex,2010,47957
ITL2,TLH3,Essex,2011,47346
ITL2,TLH3,Essex,2012,47824
ITL2,TLH3,Essex,2013,48188
ITL2,TLH3,Essex,2014,50269
ITL2,TLH3,Essex,2015,51757
ITL2,TLH3,Essex,2016,52896
ITL2,TLH3,Essex,2017,55781
ITL2,TLH3,Essex,2018,56159
ITL2,TLH3,Essex,2019,56122
ITL2,TLH3,Essex,2020,48887
ITL2,TLH3,Essex,2021,54904
ITL2,TLH3,Essex,2022,57952
ITL2,TLH3,Essex,2023,57887
ITL3,TLH31,Southend-on-Sea,1998,3028
ITL3,TLH31,Southend-on-Sea,1999,3082
ITL3,TLH31,Southend-on-Sea,2000,3192
ITL3,TLH31,Southend-on-Sea,2001,3361
ITL3,TLH31,Southend-on-Sea,2002,3426
ITL3,TLH31,Southend-on-Sea,2003,3601
ITL3,TLH31,Southend-on-Sea,2004,3696
ITL3,TLH31,Southend-on-Sea,2005,3718
ITL3,TLH31,Southend-on-Sea,2006,3864
ITL3,TLH31,Southend-on-Sea,2007,3890
ITL3,TLH31,Southend-on-Sea,2008,3897
ITL3,TLH31,Southend-on-Sea,2009,3836
ITL3,TLH31,Southend-on-Sea,2010,3858
ITL3,TLH31,Southend-on-Sea,2011,3838
ITL3,TLH31,Southend-on-Sea,2012,3904
ITL3,TLH31,Southend-on-Sea,2013,3896
ITL3,TLH31,Southend-on-Sea,2014,3957
ITL3,TLH31,Southend-on-Sea,2015,3944
ITL3,TLH31,Southend-on-Sea,2016,3990
ITL3,TLH31,Southend-on-Sea,2017,4193
ITL3,TLH31,Southend-on-Sea,2018,4228
ITL3,TLH31,Southend-on-Sea,2019,4057
ITL3,TLH31,Southend-on-Sea,2020,3333
ITL3,TLH31,Southend-on-Sea,2021,3776
ITL3,TLH31,Southend-on-Sea,2022,3747
ITL3,TLH31,Southend-on-Sea,2023,3732
ITL3,TLH32,Thurrock,1998,4243
ITL3,TLH32,Thurrock,1999,4160
ITL3,TLH32,Thurrock,2000,4251
ITL3,TLH32,Thurrock,2001,4429
ITL3,TLH32,Thurrock,2002,4403
ITL3,TLH32,Thurrock,2003,4848
ITL3,TLH32,Thurrock,2004,4903
ITL3,TLH32,Thurrock,2005,4983
ITL3,TLH32,Thurrock,2006,5116
ITL3,TLH32,Thurrock,2007,5040
ITL3,TLH32,Thurrock,2008,4869
ITL3,TLH32,Thurrock,2009,4703
ITL3,TLH32,Thurrock,2010,4841
ITL3,TLH32,Thurrock,2011,4588
ITL3,TLH32,Thurrock,2012,4671
ITL3,TLH32,Thurrock,2013,4502
ITL3,TLH32,Thurrock,2014,4777
ITL3,TLH32,Thurrock,2015,5073
ITL3,TLH32,Thurrock,2016,5050
ITL3,TLH32,Thurrock,2017,5487
ITL3,TLH32,Thurrock,2018,5591
ITL3,TLH32,Thurrock,2019,5589
ITL3,TLH32,Thurrock,2020,4937
ITL3,TLH32,Thurrock,2021,5577
ITL3,TLH32,Thurrock,2022,6140
ITL3,TLH32,Thurrock,2023,6276
ITL3,TLH34,Essex Haven Gateway,1998,9000
ITL3,TLH34,Essex Haven Gateway,1999,9001
ITL3,TLH34,Essex Haven Gateway,2000,9453
ITL3,TLH34,Essex Haven Gateway,2001,9822
ITL3,TLH34,Essex Haven Gateway,2002,9784
ITL3,TLH34,Essex Haven Gateway,2003,10345
ITL3,TLH34,Essex Haven Gateway,2004,10355
ITL3,TLH34,Essex Haven Gateway,2005,10499
ITL3,TLH34,Essex Haven Gateway,2006,10545
ITL3,TLH34,Essex Haven Gateway,2007,10656
ITL3,TLH34,Essex Haven Gateway,2008,10628
ITL3,TLH34,Essex Haven Gateway,2009,10207
ITL3,TLH34,Essex Haven Gateway,2010,10623
ITL3,TLH34,Essex Haven Gateway,2011,10584
ITL3,TLH34,Essex Haven Gateway,2012,10739
ITL3,TLH34,Essex Haven Gateway,2013,10789
ITL3,TLH34,Essex Haven Gateway,2014,11290
ITL3,TLH34,Essex Haven Gateway,2015,11924
ITL3,TLH34,Essex Haven Gateway,2016,12525
ITL3,TLH34,Essex Haven Gateway,2017,13423
ITL3,TLH34,Essex Haven Gateway,2018,13411
ITL3,TLH34,Essex Haven Gateway,2019,13222
ITL3,TLH34,Essex Haven Gateway,2020,11453
ITL3,TLH34,Essex Haven Gateway,2021,12889
ITL3,TLH34,Essex Haven Gateway,2022,13257
ITL3,TLH34,Essex Haven Gateway,2023,13444
ITL3,TLH35,West Essex,1998,7832
ITL3,TLH35,West Essex,1999,7968
ITL3,TLH35,West Essex,2000,8301
ITL3,TLH35,West Essex,2001,8622
ITL3,TLH35,West Essex,2002,8832
ITL3,TLH35,West Essex,2003,9407
ITL3,TLH35,West Essex,2004,9508
ITL3,TLH35,West Essex,2005,9574
ITL3,TLH35,West Essex,2006,9855
ITL3,TLH35,West Essex,2007,9945
ITL3,TLH35,West Essex,2008,9702
ITL3,TLH35,West Essex,2009,9169
ITL3,TLH35,West Essex,2010,9587
ITL3,TLH35,West Essex,2011,9358
ITL3,TLH35,West Essex,2012,9270
ITL3,TLH35,West Essex,2013,9454
ITL3,TLH35,West Essex,2014,9592
ITL3,TLH35,West Essex,2015,9965
ITL3,TLH35,West Essex,2016,10308
ITL3,TLH35,West Essex,2017,10841
ITL3,TLH35,West Essex,2018,10867
ITL3,TLH35,West Essex,2019,10683
ITL3,TLH35,West Essex,2020,8955
ITL3,TLH35,West Essex,2021,10201
ITL3,TLH35,West Essex,2022,11020
ITL3,TLH35,West Essex,2023,11120
ITL3,TLH36,Heart of Essex,1998,8235
ITL3,TLH36,Heart of Essex,1999,8243
ITL3,TLH36,Heart of Essex,2000,8776
ITL3,TLH36,Heart of Essex,2001,9225
ITL3,TLH36,Heart of Essex,2002,9221
ITL3,TLH36,Heart of Essex,2003,9708
ITL3,TLH36,Heart of Essex,2004,9580
ITL3,TLH36,Heart of Essex,2005,9682
ITL3,TLH36,Heart of Essex,2006,9721
ITL3,TLH36,Heart of Essex,2007,10052
ITL3,TLH36,Heart of Essex,2008,9915
ITL3,TLH36,Heart of Essex,2009,9647
ITL3,TLH36,Heart of Essex,2010,9910
ITL3,TLH36,Heart of Essex,2011,9841
ITL3,TLH36,Heart of Essex,2012,9920
ITL3,TLH36,Heart of Essex,2013,9980
ITL3,TLH36,Heart of Essex,2014,10789
ITL3,TLH36,Heart of Essex,2015,11139
ITL3,TLH36,Heart of Essex,2016,11102
ITL3,TLH36,Heart of Essex,2017,11704
ITL3,TLH36,Heart of Essex,2018,11846
ITL3,TLH36,Heart of Essex,2019,12027
ITL3,TLH36,Heart of Essex,2020,10562
ITL3,TLH36,Heart of Essex,2021,11811
ITL3,TLH36,Heart of Essex,2022,12433
ITL3,TLH36,Heart of Essex,2023,12123
ITL3,TLH37,Essex Thames Gateway,1998,7293
ITL3,TLH37,Essex Thames Gateway,1999,7357
ITL3,TLH37,Essex Thames Gateway,2000,7832
ITL3,TLH37,Essex Thames Gateway,2001,8245
ITL3,TLH37,Essex Thames Gateway,2002,8237
ITL3,TLH37,Essex Thames Gateway,2003,8774
ITL3,TLH37,Essex Thames Gateway,2004,8776
ITL3,TLH37,Essex Thames Gateway,2005,8927
ITL3,TLH37,Essex Thames Gateway,2006,9196
ITL3,TLH37,Essex Thames Gateway,2007,9267
ITL3,TLH37,Essex Thames Gateway,2008,9563
ITL3,TLH37,Essex Thames Gateway,2009,8875
ITL3,TLH37,Essex Thames Gateway,2010,9120
ITL3,TLH37,Essex Thames Gateway,2011,9179
ITL3,TLH37,Essex Thames Gateway,2012,9365
ITL3,TLH37,Essex Thames Gateway,2013,9631
ITL3,TLH37,Essex Thames Gateway,2014,9901
ITL3,TLH37,Essex Thames Gateway,2015,9746
ITL3,TLH37,Essex Thames Gateway,2016,9923
ITL3,TLH37,Essex Thames Gateway,2017,10155
ITL3,TLH37,Essex Thames Gateway,2018,10243
ITL3,TLH37,Essex Thames Gateway,2019,10557
ITL3,TLH37,Essex Thames Gateway,2020,9692
ITL3,TLH37,Essex Thames Gateway,2021,10651
ITL3,TLH37,Essex Thames Gateway,2022,11354
ITL3,TLH37,Essex Thames Gateway,2023,11168
ITL2,TLH4,Cambridgeshire and Peterborough,1998,20801
ITL2,TLH4,Cambridgeshire and Peterborough,1999,21704
ITL2,TLH4,Cambridgeshire and Peterborough,2000,22668
ITL2,TLH4,Cambridgeshire and Peterborough,2001,23492
ITL2,TLH4,Cambridgeshire and Peterborough,2002,24010
ITL2,TLH4,Cambridgeshire and Peterborough,2003,24506
ITL2,TLH4,Cambridgeshire and Peterborough,2004,24943
ITL2,TLH4,Cambridgeshire and Peterborough,2005,26331
ITL2,TLH4,Cambridgeshire and Peterborough,2006,27308
ITL2,TLH4,Cambridgeshire and Peterborough,2007,28192
ITL2,TLH4,Cambridgeshire and Peterborough,2008,28103
ITL2,TLH4,Cambridgeshire and Peterborough,2009,26791
ITL2,TLH4,Cambridgeshire and Peterborough,2010,27434
ITL2,TLH4,Cambridgeshire and Peterborough,2011,27856
ITL2,TLH4,Cambridgeshire and Peterborough,2012,28531
ITL2,TLH4,Cambridgeshire and Peterborough,2013,28570
ITL2,TLH4,Cambridgeshire and Peterborough,2014,29545
ITL2,TLH4,Cambridgeshire and Peterborough,2015,29903
ITL2,TLH4,Cambridgeshire and Peterborough,2016,30606
ITL2,TLH4,Cambridgeshire and Peterborough,2017,32148
ITL2,TLH4,Cambridgeshire and Peterborough,2018,32614
ITL2,TLH4,Cambridgeshire and Peterborough,2019,33149
ITL2,TLH4,Cambridgeshire and Peterborough,2020,30954
ITL2,TLH4,Cambridgeshire and Peterborough,2021,33080
ITL2,TLH4,Cambridgeshire and Peterborough,2022,34124
ITL2,TLH4,Cambridgeshire and Peterborough,2023,34877
ITL3,TLH41,Peterborough,1998,5433
ITL3,TLH41,Peterborough,1999,5654
ITL3,TLH41,Peterborough,2000,5779
ITL3,TLH41,Peterborough,2001,5876
ITL3,TLH41,Peterborough,2002,5895
ITL3,TLH41,Peterborough,2003,5948
ITL3,TLH41,Peterborough,2004,6038
ITL3,TLH41,Peterborough,2005,6677
ITL3,TLH41,Peterborough,2006,6682
ITL3,TLH41,Peterborough,2007,7379
ITL3,TLH41,Peterborough,2008,7287
ITL3,TLH41,Peterborough,2009,6433
ITL3,TLH41,Peterborough,2010,6619
ITL3,TLH41,Peterborough,2011,6712
ITL3,TLH41,Peterborough,2012,6807
ITL3,TLH41,Peterborough,2013,6631
ITL3,TLH41,Peterborough,2014,7041
ITL3,TLH41,Peterborough,2015,6853
ITL3,TLH41,Peterborough,2016,7174
ITL3,TLH41,Peterborough,2017,7829
ITL3,TLH41,Peterborough,2018,8384
ITL3,TLH41,Peterborough,2019,7848
ITL3,TLH41,Peterborough,2020,7276
ITL3,TLH41,Peterborough,2021,7916
ITL3,TLH41,Peterborough,2022,7917
ITL3,TLH41,Peterborough,2023,8164
ITL3,TLH42,Cambridgeshire CC,1998,15425
ITL3,TLH42,Cambridgeshire CC,1999,16102
ITL3,TLH42,Cambridgeshire CC,2000,16952
ITL3,TLH42,Cambridgeshire CC,2001,17697
ITL3,TLH42,Cambridgeshire CC,2002,18205
ITL3,TLH42,Cambridgeshire CC,2003,18663
ITL3,TLH42,Cambridgeshire CC,2004,18996
ITL3,TLH42,Cambridgeshire CC,2005,19721
ITL3,TLH42,Cambridgeshire CC,2006,20716
ITL3,TLH42,Cambridgeshire CC,2007,20839
ITL3,TLH42,Cambridgeshire CC,2008,20834
ITL3,TLH42,Cambridgeshire CC,2009,20351
ITL3,TLH42,Cambridgeshire CC,2010,20802
ITL3,TLH42,Cambridgeshire CC,2011,21149
ITL3,TLH42,Cambridgeshire CC,2012,21724
ITL3,TLH42,Cambridgeshire CC,2013,21979
ITL3,TLH42,Cambridgeshire CC,2014,22518
ITL3,TLH42,Cambridgeshire CC,2015,23047
ITL3,TLH42,Cambridgeshire CC,2016,23467
ITL3,TLH42,Cambridgeshire CC,2017,24332
ITL3,TLH42,Cambridgeshire CC,2018,24239
ITL3,TLH42,Cambridgeshire CC,2019,25297
ITL3,TLH42,Cambridgeshire CC,2020,23661
ITL3,TLH42,Cambridgeshire CC,2021,25147
ITL3,TLH42,Cambridgeshire CC,2022,26208
ITL3,TLH42,Cambridgeshire CC,2023,26705
ITL2,TLH5,Norfolk,1998,17228
ITL2,TLH5,Norfolk,1999,17796
ITL2,TLH5,Norfolk,2000,18771
ITL2,TLH5,Norfolk,2001,19264
ITL2,TLH5,Norfolk,2002,19732
ITL2,TLH5,Norfolk,2003,20278
ITL2,TLH5,Norfolk,2004,20503
ITL2,TLH5,Norfolk,2005,21080
ITL2,TLH5,Norfolk,2006,21931
ITL2,TLH5,Norfolk,2007,21916
ITL2,TLH5,Norfolk,2008,22141
ITL2,TLH5,Norfolk,2009,21922
ITL2,TLH5,Norfolk,2010,21998
ITL2,TLH5,Norfolk,2011,22146
ITL2,TLH5,Norfolk,2012,22748
ITL2,TLH5,Norfolk,2013,23240
ITL2,TLH5,Norfolk,2014,23709
ITL2,TLH5,Norfolk,2015,23802
ITL2,TLH5,Norfolk,2016,23950
ITL2,TLH5,Norfolk,2017,24753
ITL2,TLH5,Norfolk,2018,24110
ITL2,TLH5,Norfolk,2019,25487
ITL2,TLH5,Norfolk,2020,22862
ITL2,TLH5,Norfolk,2021,24651
ITL2,TLH5,Norfolk,2022,25398
ITL2,TLH5,Norfolk,2023,25707
ITL3,TLH51,Norwich and East Norfolk,1998,7493
ITL3,TLH51,Norwich and East Norfolk,1999,7678
ITL3,TLH51,Norwich and East Norfolk,2000,8167
ITL3,TLH51,Norwich and East Norfolk,2001,8391
ITL3,TLH51,Norwich and East Norfolk,2002,8577
ITL3,TLH51,Norwich and East Norfolk,2003,8862
ITL3,TLH51,Norwich and East Norfolk,2004,9042
ITL3,TLH51,Norwich and East Norfolk,2005,9265
ITL3,TLH51,Norwich and East Norfolk,2006,9744
ITL3,TLH51,Norwich and East Norfolk,2007,9894
ITL3,TLH51,Norwich and East Norfolk,2008,10087
ITL3,TLH51,Norwich and East Norfolk,2009,10137
ITL3,TLH51,Norwich and East Norfolk,2010,10157
ITL3,TLH51,Norwich and East Norfolk,2011,10130
ITL3,TLH51,Norwich and East Norfolk,2012,10528
ITL3,TLH51,Norwich and East Norfolk,2013,10865
ITL3,TLH51,Norwich and East Norfolk,2014,10995
ITL3,TLH51,Norwich and East Norfolk,2015,11095
ITL3,TLH51,Norwich and East Norfolk,2016,11138
ITL3,TLH51,Norwich and East Norfolk,2017,11828
ITL3,TLH51,Norwich and East Norfolk,2018,11374
ITL3,TLH51,Norwich and East Norfolk,2019,12397
ITL3,TLH51,Norwich and East Norfolk,2020,11007
ITL3,TLH51,Norwich and East Norfolk,2021,11850
ITL3,TLH51,Norwich and East Norfolk,2022,12223
ITL3,TLH51,Norwich and East Norfolk,2023,12344
ITL3,TLH52,North and West Norfolk,1998,4754
ITL3,TLH52,North and West Norfolk,1999,4921
ITL3,TLH52,North and West Norfolk,2000,5128
ITL3,TLH52,North and West Norfolk,2001,5244
ITL3,TLH52,North and West Norfolk,2002,5400
ITL3,TLH52,North and West Norfolk,2003,5545
ITL3,TLH52,North and West Norfolk,2004,5515
ITL3,TLH52,North and West Norfolk,2005,5710
ITL3,TLH52,North and West Norfolk,2006,5805
ITL3,TLH52,North and West Norfolk,2007,5732
ITL3,TLH52,North and West Norfolk,2008,5780
ITL3,TLH52,North and West Norfolk,2009,5675
ITL3,TLH52,North and West Norfolk,2010,5648
ITL3,TLH52,North and West Norfolk,2011,5710
ITL3,TLH52,North and West Norfolk,2012,5806
ITL3,TLH52,North and West Norfolk,2013,5858
ITL3,TLH52,North and West Norfolk,2014,6016
ITL3,TLH52,North and West Norfolk,2015,5981
ITL3,TLH52,North and West Norfolk,2016,6055
ITL3,TLH52,North and West Norfolk,2017,6068
ITL3,TLH52,North and West Norfolk,2018,6022
ITL3,TLH52,North and West Norfolk,2019,6093
ITL3,TLH52,North and West Norfolk,2020,5502
ITL3,TLH52,North and West Norfolk,2021,5849
ITL3,TLH52,North and West Norfolk,2022,5961
ITL3,TLH52,North and West Norfolk,2023,5949
ITL3,TLH53,Breckland and South Norfolk,1998,4993
ITL3,TLH53,Breckland and South Norfolk,1999,5211
ITL3,TLH53,Breckland and South Norfolk,2000,5496
ITL3,TLH53,Breckland and South Norfolk,2001,5654
ITL3,TLH53,Breckland and South Norfolk,2002,5773
ITL3,TLH53,Breckland and South Norfolk,2003,5889
ITL3,TLH53,Breckland and South Norfolk,2004,5957
ITL3,TLH53,Breckland and South Norfolk,2005,6124
ITL3,TLH53,Breckland and South Norfolk,2006,6389
ITL3,TLH53,Breckland and South Norfolk,2007,6289
ITL3,TLH53,Breckland and South Norfolk,2008,6264
ITL3,TLH53,Breckland and South Norfolk,2009,6106
ITL3,TLH53,Breckland and South Norfolk,2010,6192
ITL3,TLH53,Breckland and South Norfolk,2011,6313
ITL3,TLH53,Breckland and South Norfolk,2012,6405
ITL3,TLH53,Breckland and South Norfolk,2013,6500
ITL3,TLH53,Breckland and South Norfolk,2014,6696
ITL3,TLH53,Breckland and South Norfolk,2015,6707
ITL3,TLH53,Breckland and South Norfolk,2016,6759
ITL3,TLH53,Breckland and South Norfolk,2017,6856
ITL3,TLH53,Breckland and South Norfolk,2018,6720
ITL3,TLH53,Breckland and South Norfolk,2019,6990
ITL3,TLH53,Breckland and South Norfolk,2020,6359
ITL3,TLH53,Breckland and South Norfolk,2021,6953
ITL3,TLH53,Breckland and South Norfolk,2022,7213
ITL3,TLH53,Breckland and South Norfolk,2023,7420
ITL2,TLH6,Suffolk,1998,15277
ITL2,TLH6,Suffolk,1999,16067
ITL2,TLH6,Suffolk,2000,16988
ITL2,TLH6,Suffolk,2001,17446
ITL2,TLH6,Suffolk,2002,17811
ITL2,TLH6,Suffolk,2003,18276
ITL2,TLH6,Suffolk,2004,18604
ITL2,TLH6,Suffolk,2005,19370
ITL2,TLH6,Suffolk,2006,19952
ITL2,TLH6,Suffolk,2007,20185
ITL2,TLH6,Suffolk,2008,20120
ITL2,TLH6,Suffolk,2009,19307
ITL2,TLH6,Suffolk,2010,19741
ITL2,TLH6,Suffolk,2011,20072
ITL2,TLH6,Suffolk,2012,20479
ITL2,TLH6,Suffolk,2013,20971
ITL2,TLH6,Suffolk,2014,21552
ITL2,TLH6,Suffolk,2015,22007
ITL2,TLH6,Suffolk,2016,22511
ITL2,TLH6,Suffolk,2017,23068
ITL2,TLH6,Suffolk,2018,23210
ITL2,TLH6,Suffolk,2019,23999
ITL2,TLH6,Suffolk,2020,21563
ITL2,TLH6,Suffolk,2021,23000
ITL2,TLH6,Suffolk,2022,23771
ITL2,TLH6,Suffolk,2023,23856
ITL3,TLH61,Babergh and Mid Suffolk,1998,3667
ITL3,TLH61,Babergh and Mid Suffolk,1999,3839
ITL3,TLH61,Babergh and Mid Suffolk,2000,4054
ITL3,TLH61,Babergh and Mid Suffolk,2001,4164
ITL3,TLH61,Babergh and Mid Suffolk,2002,4269
ITL3,TLH61,Babergh and Mid Suffolk,2003,4329
ITL3,TLH61,Babergh and Mid Suffolk,2004,4372
ITL3,TLH61,Babergh and Mid Suffolk,2005,4445
ITL3,TLH61,Babergh and Mid Suffolk,2006,4605
ITL3,TLH61,Babergh and Mid Suffolk,2007,4557
ITL3,TLH61,Babergh and Mid Suffolk,2008,4554
ITL3,TLH61,Babergh and Mid Suffolk,2009,4421
ITL3,TLH61,Babergh and Mid Suffolk,2010,4516
ITL3,TLH61,Babergh and Mid Suffolk,2011,4562
ITL3,TLH61,Babergh and Mid Suffolk,2012,4606
ITL3,TLH61,Babergh and Mid Suffolk,2013,4620
ITL3,TLH61,Babergh and Mid Suffolk,2014,4791
ITL3,TLH61,Babergh and Mid Suffolk,2015,4807
ITL3,TLH61,Babergh and Mid Suffolk,2016,4815
ITL3,TLH61,Babergh and Mid Suffolk,2017,4919
ITL3,TLH61,Babergh and Mid Suffolk,2018,4949
ITL3,TLH61,Babergh and Mid Suffolk,2019,5123
ITL3,TLH61,Babergh and Mid Suffolk,2020,4762
ITL3,TLH61,Babergh and Mid Suffolk,2021,5066
ITL3,TLH61,Babergh and Mid Suffolk,2022,5211
ITL3,TLH61,Babergh and Mid Suffolk,2023,5322
ITL3,TLH62,Ipswich,1998,3805
ITL3,TLH62,Ipswich,1999,4004
ITL3,TLH62,Ipswich,2000,4122
ITL3,TLH62,Ipswich,2001,4158
ITL3,TLH62,Ipswich,2002,4109
ITL3,TLH62,Ipswich,2003,4202
ITL3,TLH62,Ipswich,2004,4263
ITL3,TLH62,Ipswich,2005,4607
ITL3,TLH62,Ipswich,2006,4564
ITL3,TLH62,Ipswich,2007,4851
ITL3,TLH62,Ipswich,2008,4749
ITL3,TLH62,Ipswich,2009,4380
ITL3,TLH62,Ipswich,2010,4411
ITL3,TLH62,Ipswich,2011,4368
ITL3,TLH62,Ipswich,2012,4451
ITL3,TLH62,Ipswich,2013,4613
ITL3,TLH62,Ipswich,2014,4805
ITL3,TLH62,Ipswich,2015,5048
ITL3,TLH62,Ipswich,2016,5293
ITL3,TLH62,Ipswich,2017,5300
ITL3,TLH62,Ipswich,2018,5304
ITL3,TLH62,Ipswich,2019,5333
ITL3,TLH62,Ipswich,2020,4854
ITL3,TLH62,Ipswich,2021,4991
ITL3,TLH62,Ipswich,2022,5090
ITL3,TLH62,Ipswich,2023,5382
ITL3,TLH63,East Suffolk,1998,3521
ITL3,TLH63,East Suffolk,1999,3766
ITL3,TLH63,East Suffolk,2000,4083
ITL3,TLH63,East Suffolk,2001,4225
ITL3,TLH63,East Suffolk,2002,4385
ITL3,TLH63,East Suffolk,2003,4592
ITL3,TLH63,East Suffolk,2004,4730
ITL3,TLH63,East Suffolk,2005,4950
ITL3,TLH63,East Suffolk,2006,5132
ITL3,TLH63,East Suffolk,2007,5118
ITL3,TLH63,East Suffolk,2008,5078
ITL3,TLH63,East Suffolk,2009,4905
ITL3,TLH63,East Suffolk,2010,5061
ITL3,TLH63,East Suffolk,2011,5235
ITL3,TLH63,East Suffolk,2012,5367
ITL3,TLH63,East Suffolk,2013,5512
ITL3,TLH63,East Suffolk,2014,5660
ITL3,TLH63,East Suffolk,2015,5659
ITL3,TLH63,East Suffolk,2016,5738
ITL3,TLH63,East Suffolk,2017,6012
ITL3,TLH63,East Suffolk,2018,6167
ITL3,TLH63,East Suffolk,2019,6555
ITL3,TLH63,East Suffolk,2020,5992
ITL3,TLH63,East Suffolk,2021,6535
ITL3,TLH63,East Suffolk,2022,6943
ITL3,TLH63,East Suffolk,2023,6798
ITL3,TLH64,West Suffolk,1998,4485
ITL3,TLH64,West Suffolk,1999,4650
ITL3,TLH64,West Suffolk,2000,4885
ITL3,TLH64,West Suffolk,2001,5046
ITL3,TLH64,West Suffolk,2002,5167
ITL3,TLH64,West Suffolk,2003,5245
ITL3,TLH64,West Suffolk,2004,5315
ITL3,TLH64,West Suffolk,2005,5449
ITL3,TLH64,West Suffolk,2006,5729
ITL3,TLH64,West Suffolk,2007,5726
ITL3,TLH64,West Suffolk,2008,5793
ITL3,TLH64,West Suffolk,2009,5668
ITL3,TLH64,West Suffolk,2010,5812
ITL3,TLH64,West Suffolk,2011,5934
ITL3,TLH64,West Suffolk,2012,6076
ITL3,TLH64,West Suffolk,2013,6244
ITL3,TLH64,West Suffolk,2014,6328
ITL3,TLH64,West Suffolk,2015,6521
ITL3,TLH64,West Suffolk,2016,6704
ITL3,TLH64,West Suffolk,2017,6860
ITL3,TLH64,West Suffolk,2018,6816
ITL3,TLH64,West Suffolk,2019,6984
ITL3,TLH64,West Suffolk,2020,5965
ITL3,TLH64,West Suffolk,2021,6400
ITL3,TLH64,West Suffolk,2022,6527
ITL3,TLH64,West Suffolk,2023,6350
ITL1,TLI,London,1998,319936
ITL1,TLI,London,1999,331619
ITL1,TLI,London,2000,356917
ITL1,TLI,London,2001,360464
ITL1,TLI,London,2002,366508
ITL1,TLI,London,2003,381141
ITL1,TLI,London,2004,391924
ITL1,TLI,London,2005,412888
ITL1,TLI,London,2006,427775
ITL1,TLI,London,2007,458355
ITL1,TLI,London,2008,457175
ITL1,TLI,London,2009,431113
ITL1,TLI,London,2010,445470
ITL1,TLI,London,2011,459386
ITL1,TLI,London,2012,471779
ITL1,TLI,London,2013,486731
ITL1,TLI,London,2014,507606
ITL1,TLI,London,2015,516398
ITL1,TLI,London,2016,535584
ITL1,TLI,London,2017,545394
ITL1,TLI,London,2018,555992
ITL1,TLI,London,2019,562208
ITL1,TLI,London,2020,490420
ITL1,TLI,London,2021,528416
ITL1,TLI,London,2022,572007
ITL1,TLI,London,2023,573311
ITL2,TLI3,Inner London - West,1998,125061
ITL2,TLI3,Inner London - West,1999,129473
ITL2,TLI3,Inner London - West,2000,142172
ITL2,TLI3,Inner London - West,2001,143155
ITL2,TLI3,Inner London - West,2002,145550
ITL2,TLI3,Inner London - West,2003,151410
ITL2,TLI3,Inner London - West,2004,155896
ITL2,TLI3,Inner London - West,2005,167987
ITL2,TLI3,Inner London - West,2006,172986
ITL2,TLI3,Inner London - West,2007,190391
ITL2,TLI3,Inner London - West,2008,191609
ITL2,TLI3,Inner London - West,2009,181151
ITL2,TLI3,Inner London - West,2010,187104
ITL2,TLI3,Inner London - West,2011,191108
ITL2,TLI3,Inner London - West,2012,197095
ITL2,TLI3,Inner London - West,2013,204881
ITL2,TLI3,Inner London - West,2014,214731
ITL2,TLI3,Inner London - West,2015,218684
ITL2,TLI3,Inner London - West,2016,232500
ITL2,TLI3,Inner London - West,2017,238407
ITL2,TLI3,Inner London - West,2018,245776
ITL2,TLI3,Inner London - West,2019,250396
ITL2,TLI3,Inner London - West,2020,226282
ITL2,TLI3,Inner London - West,2021,248189
ITL2,TLI3,Inner London - West,2022,263218
ITL2,TLI3,Inner London - West,2023,264539
ITL3,TLI33,Kensington & Chelsea and Hammersmith & Fulham,1998,13042
ITL3,TLI33,Kensington & Chelsea and Hammersmith & Fulham,1999,13745
ITL3,TLI33,Kensington & Chelsea and Hammersmith & Fulham,2000,14465
ITL3,TLI33,Kensington & Chelsea and Hammersmith & Fulham,2001,14855
ITL3,TLI33,Kensington & Chelsea and Hammersmith & Fulham,2002,15012
ITL3,TLI33,Kensington & Chelsea and Hammersmith & Fulham,2003,15519
ITL3,TLI33,Kensington & Chelsea and Hammersmith & Fulham,2004,16251
ITL3,TLI33,Kensington & Chelsea and Hammersmith & Fulham,2005,16871
ITL3,TLI33,Kensington & Chelsea and Hammersmith & Fulham,2006,17062
ITL3,TLI33,Kensington & Chelsea and Hammersmith & Fulham,2007,18203
ITL3,TLI33,Kensington & Chelsea and Hammersmith & Fulham,2008,18692
ITL3,TLI33,Kensington & Chelsea and Hammersmith & Fulham,2009,17842
ITL3,TLI33,Kensington & Chelsea and Hammersmith & Fulham,2010,18349
ITL3,TLI33,Kensington & Chelsea and Hammersmith & Fulham,2011,19211
ITL3,TLI33,Kensington & Chelsea and Hammersmith & Fulham,2012,20941
ITL3,TLI33,Kensington & Chelsea and Hammersmith & Fulham,2013,22584
ITL3,TLI33,Kensington & Chelsea and Hammersmith & Fulham,2014,23767
ITL3,TLI33,Kensington & Chelsea and Hammersmith & Fulham,2015,24220
ITL3,TLI33,Kensington & Chelsea and Hammersmith & Fulham,2016,23900
ITL3,TLI33,Kensington & Chelsea and Hammersmith & Fulham,2017,24187
ITL3,TLI33,Kensington & Chelsea and Hammersmith & Fulham,2018,25405
ITL3,TLI33,Kensington & Chelsea and Hammersmith & Fulham,2019,25252
ITL3,TLI33,Kensington & Chelsea and Hammersmith & Fulham,2020,21198
ITL3,TLI33,Kensington & Chelsea and Hammersmith & Fulham,2021,22718
ITL3,TLI33,Kensington & Chelsea and Hammersmith & Fulham,2022,24488
ITL3,TLI33,Kensington & Chelsea and Hammersmith & Fulham,2023,24874
ITL3,TLI34,Wandsworth,1998,6541
ITL3,TLI34,Wandsworth,1999,6882
ITL3,TLI34,Wandsworth,2000,7139
ITL3,TLI34,Wandsworth,2001,7392
ITL3,TLI34,Wandsworth,2002,7549
ITL3,TLI34,Wandsworth,2003,7704
ITL3,TLI34,Wandsworth,2004,7847
ITL3,TLI34,Wandsworth,2005,8101
ITL3,TLI34,Wandsworth,2006,8263
ITL3,TLI34,Wandsworth,2007,8651
ITL3,TLI34,Wandsworth,2008,8548
ITL3,TLI34,Wandsworth,2009,8199
ITL3,TLI34,Wandsworth,2010,8345
ITL3,TLI34,Wandsworth,2011,8593
ITL3,TLI34,Wandsworth,2012,9101
ITL3,TLI34,Wandsworth,2013,9454
ITL3,TLI34,Wandsworth,2014,9874
ITL3,TLI34,Wandsworth,2015,10327
ITL3,TLI34,Wandsworth,2016,10242
ITL3,TLI34,Wandsworth,2017,10009
ITL3,TLI34,Wandsworth,2018,10005
ITL3,TLI34,Wandsworth,2019,9843
ITL3,TLI34,Wandsworth,2020,7791
ITL3,TLI34,Wandsworth,2021,8724
ITL3,TLI34,Wandsworth,2022,9333
ITL3,TLI34,Wandsworth,2023,9611
ITL3,TLI35,Westminster and City of London,1998,87450
ITL3,TLI35,Westminster and City of London,1999,89652
ITL3,TLI35,Westminster and City of London,2000,99955
ITL3,TLI35,Westminster and City of London,2001,99641
ITL3,TLI35,Westminster and City of London,2002,101828
ITL3,TLI35,Westminster and City of London,2003,105990
ITL3,TLI35,Westminster and City of London,2004,108341
ITL3,TLI35,Westminster and City of London,2005,118276
ITL3,TLI35,Westminster and City of London,2006,122881
ITL3,TLI35,Westminster and City of London,2007,137146
ITL3,TLI35,Westminster and City of London,2008,137889
ITL3,TLI35,Westminster and City of London,2009,129407
ITL3,TLI35,Westminster and City of London,2010,134262
ITL3,TLI35,Westminster and City of London,2011,136248
ITL3,TLI35,Westminster and City of London,2012,139357
ITL3,TLI35,Westminster and City of London,2013,143420
ITL3,TLI35,Westminster and City of London,2014,149294
ITL3,TLI35,Westminster and City of London,2015,148083
ITL3,TLI35,Westminster and City of London,2016,158880
ITL3,TLI35,Westminster and City of London,2017,163933
ITL3,TLI35,Westminster and City of London,2018,169679
ITL3,TLI35,Westminster and City of London,2019,174931
ITL3,TLI35,Westminster and City of London,2020,166475
ITL3,TLI35,Westminster and City of London,2021,181277
ITL3,TLI35,Westminster and City of London,2022,190224
ITL3,TLI35,Westminster and City of London,2023,191663
ITL3,TLI36,Camden,1998,17781
ITL3,TLI36,Camden,1999,18881
ITL3,TLI36,Camden,2000,20194
ITL3,TLI36,Camden,2001,20857
ITL3,TLI36,Camden,2002,20781
ITL3,TLI36,Camden,2003,21878
ITL3,TLI36,Camden,2004,23072
ITL3,TLI36,Camden,2005,24292
ITL3,TLI36,Camden,2006,24595
ITL3,TLI36,Camden,2007,26184
ITL3,TLI36,Camden,2008,26091
ITL3,TLI36,Camden,2009,25129
ITL3,TLI36,Camden,2010,25625
ITL3,TLI36,Camden,2011,26623
ITL3,TLI36,Camden,2012,27128
ITL3,TLI36,Camden,2013,28893
ITL3,TLI36,Camden,2014,31225
ITL3,TLI36,Camden,2015,35578
ITL3,TLI36,Camden,2016,38947
ITL3,TLI36,Camden,2017,39654
ITL3,TLI36,Camden,2018,40282
ITL3,TLI36,Camden,2019,39819
ITL3,TLI36,Camden,2020,30884
ITL3,TLI36,Camden,2021,35305
ITL3,TLI36,Camden,2022,39173
ITL3,TLI36,Camden,2023,38310
ITL2,TLI4,Inner London - East,1998,67836
ITL2,TLI4,Inner London - East,1999,70551
ITL2,TLI4,Inner London - East,2000,77669
ITL2,TLI4,Inner London - East,2001,80194
ITL2,TLI4,Inner London - East,2002,82009
ITL2,TLI4,Inner London - East,2003,85615
ITL2,TLI4,Inner London - East,2004,88605
ITL2,TLI4,Inner London - East,2005,94215
ITL2,TLI4,Inner London - East,2006,97467
ITL2,TLI4,Inner London - East,2007,105840
ITL2,TLI4,Inner London - East,2008,108415
ITL2,TLI4,Inner London - East,2009,103954
ITL2,TLI4,Inner London - East,2010,107319
ITL2,TLI4,Inner London - East,2011,114762
ITL2,TLI4,Inner London - East,2012,116736
ITL2,TLI4,Inner London - East,2013,118964
ITL2,TLI4,Inner London - East,2014,123251
ITL2,TLI4,Inner London - East,2015,126112
ITL2,TLI4,Inner London - East,2016,129607
ITL2,TLI4,Inner London - East,2017,133156
ITL2,TLI4,Inner London - East,2018,134896
ITL2,TLI4,Inner London - East,2019,136315
ITL2,TLI4,Inner London - East,2020,119316
ITL2,TLI4,Inner London - East,2021,126843
ITL2,TLI4,Inner London - East,2022,138552
ITL2,TLI4,Inner London - East,2023,140694
ITL3,TLI41,Hackney and Newham,1998,9764
ITL3,TLI41,Hackney and Newham,1999,10060
ITL3,TLI41,Hackney and Newham,2000,10652
ITL3,TLI41,Hackney and Newham,2001,10927
ITL3,TLI41,Hackney and Newham,2002,11094
ITL3,TLI41,Hackney and Newham,2003,11512
ITL3,TLI41,Hackney and Newham,2004,11714
ITL3,TLI41,Hackney and Newham,2005,12104
ITL3,TLI41,Hackney and Newham,2006,12289
ITL3,TLI41,Hackney and Newham,2007,12737
ITL3,TLI41,Hackney and Newham,2008,12870
ITL3,TLI41,Hackney and Newham,2009,12471
ITL3,TLI41,Hackney and Newham,2010,13082
ITL3,TLI41,Hackney and Newham,2011,13792
ITL3,TLI41,Hackney and Newham,2012,14200
ITL3,TLI41,Hackney and Newham,2013,14491
ITL3,TLI41,Hackney and Newham,2014,15240
ITL3,TLI41,Hackney and Newham,2015,15733
ITL3,TLI41,Hackney and Newham,2016,16093
ITL3,TLI41,Hackney and Newham,2017,16957
ITL3,TLI41,Hackney and Newham,2018,17934
ITL3,TLI41,Hackney and Newham,2019,19444
ITL3,TLI41,Hackney and Newham,2020,17769
ITL3,TLI41,Hackney and Newham,2021,19687
ITL3,TLI41,Hackney and Newham,2022,21644
ITL3,TLI41,Hackney and Newham,2023,22351
ITL3,TLI42,Tower Hamlets,1998,22998
ITL3,TLI42,Tower Hamlets,1999,23371
ITL3,TLI42,Tower Hamlets,2000,26346
ITL3,TLI42,Tower Hamlets,2001,27206
ITL3,TLI42,Tower Hamlets,2002,28575
ITL3,TLI42,Tower Hamlets,2003,29815
ITL3,TLI42,Tower Hamlets,2004,30896
ITL3,TLI42,Tower Hamlets,2005,33756
ITL3,TLI42,Tower Hamlets,2006,35980
ITL3,TLI42,Tower Hamlets,2007,40411
ITL3,TLI42,Tower Hamlets,2008,41840
ITL3,TLI42,Tower Hamlets,2009,39108
ITL3,TLI42,Tower Hamlets,2010,38527
ITL3,TLI42,Tower Hamlets,2011,41529
ITL3,TLI42,Tower Hamlets,2012,41246
ITL3,TLI42,Tower Hamlets,2013,42015
ITL3,TLI42,Tower Hamlets,2014,42929
ITL3,TLI42,Tower Hamlets,2015,42467
ITL3,TLI42,Tower Hamlets,2016,44601
ITL3,TLI42,Tower Hamlets,2017,47027
ITL3,TLI42,Tower Hamlets,2018,44892
ITL3,TLI42,Tower Hamlets,2019,43540
ITL3,TLI42,Tower Hamlets,2020,38999
ITL3,TLI42,Tower Hamlets,2021,39137
ITL3,TLI42,Tower Hamlets,2022,40812
ITL3,TLI42,Tower Hamlets,2023,42781
ITL3,TLI43,Haringey and Islington,1998,11461
ITL3,TLI43,Haringey and Islington,1999,12212
ITL3,TLI43,Haringey and Islington,2000,13759
ITL3,TLI43,Haringey and Islington,2001,14319
ITL3,TLI43,Haringey and Islington,2002,14774
ITL3,TLI43,Haringey and Islington,2003,15619
ITL3,TLI43,Haringey and Islington,2004,16353
ITL3,TLI43,Haringey and Islington,2005,17197
ITL3,TLI43,Haringey and Islington,2006,17804
ITL3,TLI43,Haringey and Islington,2007,19303
ITL3,TLI43,Haringey and Islington,2008,19787
ITL3,TLI43,Haringey and Islington,2009,19329
ITL3,TLI43,Haringey and Islington,2010,20316
ITL3,TLI43,Haringey and Islington,2011,21568
ITL3,TLI43,Haringey and Islington,2012,22307
ITL3,TLI43,Haringey and Islington,2013,23645
ITL3,TLI43,Haringey and Islington,2014,25222
ITL3,TLI43,Haringey and Islington,2015,26304
ITL3,TLI43,Haringey and Islington,2016,26429
ITL3,TLI43,Haringey and Islington,2017,26634
ITL3,TLI43,Haringey and Islington,2018,27810
ITL3,TLI43,Haringey and Islington,2019,28197
ITL3,TLI43,Haringey and Islington,2020,24785
ITL3,TLI43,Haringey and Islington,2021,27003
ITL3,TLI43,Haringey and Islington,2022,31085
ITL3,TLI43,Haringey and Islington,2023,30475
ITL3,TLI44,Lewisham and Southwark,1998,15383
ITL3,TLI44,Lewisham and Southwark,1999,16062
ITL3,TLI44,Lewisham and Southwark,2000,17362
ITL3,TLI44,Lewisham and Southwark,2001,17852
ITL3,TLI44,Lewisham and Southwark,2002,17971
ITL3,TLI44,Lewisham and Southwark,2003,18604
ITL3,TLI44,Lewisham and Southwark,2004,19152
ITL3,TLI44,Lewisham and Southwark,2005,20055
ITL3,TLI44,Lewisham and Southwark,2006,20390
ITL3,TLI44,Lewisham and Southwark,2007,21758
ITL3,TLI44,Lewisham and Southwark,2008,22101
ITL3,TLI44,Lewisham and Southwark,2009,21456
ITL3,TLI44,Lewisham and Southwark,2010,22489
ITL3,TLI44,Lewisham and Southwark,2011,24315
ITL3,TLI44,Lewisham and Southwark,2012,25202
ITL3,TLI44,Lewisham and Southwark,2013,25629
ITL3,TLI44,Lewisham and Southwark,2014,25063
ITL3,TLI44,Lewisham and Southwark,2015,26246
ITL3,TLI44,Lewisham and Southwark,2016,26866
ITL3,TLI44,Lewisham and Southwark,2017,27094
ITL3,TLI44,Lewisham and Southwark,2018,28617
ITL3,TLI44,Lewisham and Southwark,2019,29714
ITL3,TLI44,Lewisham and Southwark,2020,25775
ITL3,TLI44,Lewisham and Southwark,2021,26947
ITL3,TLI44,Lewisham and Southwark,2022,29001
ITL3,TLI44,Lewisham and Southwark,2023,29916
ITL3,TLI45,Lambeth,1998,8912
ITL3,TLI45,Lambeth,1999,9334
ITL3,TLI45,Lambeth,2000,10050
ITL3,TLI45,Lambeth,2001,10355
ITL3,TLI45,Lambeth,2002,10217
ITL3,TLI45,Lambeth,2003,10579
ITL3,TLI45,Lambeth,2004,11008
ITL3,TLI45,Lambeth,2005,11809
ITL3,TLI45,Lambeth,2006,11900
ITL3,TLI45,Lambeth,2007,12728
ITL3,TLI45,Lambeth,2008,13108
ITL3,TLI45,Lambeth,2009,12514
ITL3,TLI45,Lambeth,2010,13587
ITL3,TLI45,Lambeth,2011,14513
ITL3,TLI45,Lambeth,2012,14598
ITL3,TLI45,Lambeth,2013,13763
ITL3,TLI45,Lambeth,2014,15318
ITL3,TLI45,Lambeth,2015,15632
ITL3,TLI45,Lambeth,2016,15986
ITL3,TLI45,Lambeth,2017,15937
ITL3,TLI45,Lambeth,2018,15905
ITL3,TLI45,Lambeth,2019,15458
ITL3,TLI45,Lambeth,2020,12221
ITL3,TLI45,Lambeth,2021,14168
ITL3,TLI45,Lambeth,2022,16011
ITL3,TLI45,Lambeth,2023,15226
ITL2,TLI5,Outer London - East and North East,1998,36621
ITL2,TLI5,Outer London - East and North East,1999,37732
ITL2,TLI5,Outer London - East and North East,2000,38627
ITL2,TLI5,Outer London - East and North East,2001,39297
ITL2,TLI5,Outer London - East and North East,2002,39946
ITL2,TLI5,Outer London - East and North East,2003,41526
ITL2,TLI5,Outer London - East and North East,2004,42416
ITL2,TLI5,Outer London - East and North East,2005,43056
ITL2,TLI5,Outer London - East and North East,2006,44747
ITL2,TLI5,Outer London - East and North East,2007,45537
ITL2,TLI5,Outer London - East and North East,2008,44282
ITL2,TLI5,Outer London - East and North East,2009,40739
ITL2,TLI5,Outer London - East and North East,2010,42772
ITL2,TLI5,Outer London - East and North East,2011,43208
ITL2,TLI5,Outer London - East and North East,2012,44752
ITL2,TLI5,Outer London - East and North East,2013,46129
ITL2,TLI5,Outer London - East and North East,2014,47055
ITL2,TLI5,Outer London - East and North East,2015,48065
ITL2,TLI5,Outer London - East and North East,2016,48244
ITL2,TLI5,Outer London - East and North East,2017,48099
ITL2,TLI5,Outer London - East and North East,2018,48677
ITL2,TLI5,Outer London - East and North East,2019,48878
ITL2,TLI5,Outer London - East and North East,2020,41355
ITL2,TLI5,Outer London - East and North East,2021,46033
ITL2,TLI5,Outer London - East and North East,2022,48958
ITL2,TLI5,Outer London - East and North East,2023,47915
ITL3,TLI51,Bexley and Greenwich,1998,10304
ITL3,TLI51,Bexley and Greenwich,1999,10705
ITL3,TLI51,Bexley and Greenwich,2000,11035
ITL3,TLI51,Bexley and Greenwich,2001,11287
ITL3,TLI51,Bexley and Greenwich,2002,11548
ITL3,TLI51,Bexley and Greenwich,2003,12018
ITL3,TLI51,Bexley and Greenwich,2004,12212
ITL3,TLI51,Bexley and Greenwich,2005,12483
ITL3,TLI51,Bexley and Greenwich,2006,12881
ITL3,TLI51,Bexley and Greenwich,2007,13036
ITL3,TLI51,Bexley and Greenwich,2008,12865
ITL3,TLI51,Bexley and Greenwich,2009,12045
ITL3,TLI51,Bexley and Greenwich,2010,12685
ITL3,TLI51,Bexley and Greenwich,2011,12904
ITL3,TLI51,Bexley and Greenwich,2012,13277
ITL3,TLI51,Bexley and Greenwich,2013,14000
ITL3,TLI51,Bexley and Greenwich,2014,14141
ITL3,TLI51,Bexley and Greenwich,2015,14388
ITL3,TLI51,Bexley and Greenwich,2016,14789
ITL3,TLI51,Bexley and Greenwich,2017,14762
ITL3,TLI51,Bexley and Greenwich,2018,14737
ITL3,TLI51,Bexley and Greenwich,2019,15038
ITL3,TLI51,Bexley and Greenwich,2020,12664
ITL3,TLI51,Bexley and Greenwich,2021,13694
ITL3,TLI51,Bexley and Greenwich,2022,14447
ITL3,TLI51,Bexley and Greenwich,2023,14052
ITL3,TLI52,Barking & Dagenham and Havering,1998,10319
ITL3,TLI52,Barking & Dagenham and Havering,1999,10419
ITL3,TLI52,Barking & Dagenham and Havering,2000,10496
ITL3,TLI52,Barking & Dagenham and Havering,2001,10586
ITL3,TLI52,Barking & Dagenham and Havering,2002,10512
ITL3,TLI52,Barking & Dagenham and Havering,2003,10792
ITL3,TLI52,Barking & Dagenham and Havering,2004,10954
ITL3,TLI52,Barking & Dagenham and Havering,2005,11054
ITL3,TLI52,Barking & Dagenham and Havering,2006,11495
ITL3,TLI52,Barking & Dagenham and Havering,2007,11853
ITL3,TLI52,Barking & Dagenham and Havering,2008,11567
ITL3,TLI52,Barking & Dagenham and Havering,2009,10486
ITL3,TLI52,Barking & Dagenham and Havering,2010,11051
ITL3,TLI52,Barking & Dagenham and Havering,2011,11135
ITL3,TLI52,Barking & Dagenham and Havering,2012,11575
ITL3,TLI52,Barking & Dagenham and Havering,2013,11885
ITL3,TLI52,Barking & Dagenham and Havering,2014,12214
ITL3,TLI52,Barking & Dagenham and Havering,2015,12166
ITL3,TLI52,Barking & Dagenham and Havering,2016,11904
ITL3,TLI52,Barking & Dagenham and Havering,2017,11850
ITL3,TLI52,Barking & Dagenham and Havering,2018,11964
ITL3,TLI52,Barking & Dagenham and Havering,2019,11927
ITL3,TLI52,Barking & Dagenham and Havering,2020,10141
ITL3,TLI52,Barking & Dagenham and Havering,2021,11665
ITL3,TLI52,Barking & Dagenham and Havering,2022,12689
ITL3,TLI52,Barking & Dagenham and Havering,2023,12431
ITL3,TLI53,Redbridge and Waltham Forest,1998,8775
ITL3,TLI53,Redbridge and Waltham Forest,1999,9068
ITL3,TLI53,Redbridge and Waltham Forest,2000,9348
ITL3,TLI53,Redbridge and Waltham Forest,2001,9503
ITL3,TLI53,Redbridge and Waltham Forest,2002,9780
ITL3,TLI53,Redbridge and Waltham Forest,2003,10224
ITL3,TLI53,Redbridge and Waltham Forest,2004,10536
ITL3,TLI53,Redbridge and Waltham Forest,2005,10757
ITL3,TLI53,Redbridge and Waltham Forest,2006,11171
ITL3,TLI53,Redbridge and Waltham Forest,2007,11320
ITL3,TLI53,Redbridge and Waltham Forest,2008,10901
ITL3,TLI53,Redbridge and Waltham Forest,2009,10041
ITL3,TLI53,Redbridge and Waltham Forest,2010,10402
ITL3,TLI53,Redbridge and Waltham Forest,2011,10580
ITL3,TLI53,Redbridge and Waltham Forest,2012,11161
ITL3,TLI53,Redbridge and Waltham Forest,2013,11316
ITL3,TLI53,Redbridge and Waltham Forest,2014,11571
ITL3,TLI53,Redbridge and Waltham Forest,2015,12019
ITL3,TLI53,Redbridge and Waltham Forest,2016,12056
ITL3,TLI53,Redbridge and Waltham Forest,2017,12134
ITL3,TLI53,Redbridge and Waltham Forest,2018,12199
ITL3,TLI53,Redbridge and Waltham Forest,2019,12071
ITL3,TLI53,Redbridge and Waltham Forest,2020,10053
ITL3,TLI53,Redbridge and Waltham Forest,2021,11313
ITL3,TLI53,Redbridge and Waltham Forest,2022,12291
ITL3,TLI53,Redbridge and Waltham Forest,2023,12283
ITL3,TLI54,Enfield,1998,7293
ITL3,TLI54,Enfield,1999,7532
ITL3,TLI54,Enfield,2000,7740
ITL3,TLI54,Enfield,2001,7891
ITL3,TLI54,Enfield,2002,8046
ITL3,TLI54,Enfield,2003,8431
ITL3,TLI54,Enfield,2004,8628
ITL3,TLI54,Enfield,2005,8713
ITL3,TLI54,Enfield,2006,9064
ITL3,TLI54,Enfield,2007,9231
ITL3,TLI54,Enfield,2008,8868
ITL3,TLI54,Enfield,2009,8100
ITL3,TLI54,Enfield,2010,8594
ITL3,TLI54,Enfield,2011,8626
ITL3,TLI54,Enfield,2012,8801
ITL3,TLI54,Enfield,2013,8972
ITL3,TLI54,Enfield,2014,9215
ITL3,TLI54,Enfield,2015,9543
ITL3,TLI54,Enfield,2016,9554
ITL3,TLI54,Enfield,2017,9396
ITL3,TLI54,Enfield,2018,9815
ITL3,TLI54,Enfield,2019,9911
ITL3,TLI54,Enfield,2020,8555
ITL3,TLI54,Enfield,2021,9368
ITL3,TLI54,Enfield,2022,9531
ITL3,TLI54,Enfield,2023,9173
ITL2,TLI6,Outer London - South,1998,32623
ITL2,TLI6,Outer London - South,1999,33957
ITL2,TLI6,Outer London - South,2000,35121
ITL2,TLI6,Outer London - South,2001,35514
ITL2,TLI6,Outer London - South,2002,35893
ITL2,TLI6,Outer London - South,2003,37290
ITL2,TLI6,Outer London - South,2004,37880
ITL2,TLI6,Outer London - South,2005,38631
ITL2,TLI6,Outer London - South,2006,39414
ITL2,TLI6,Outer London - South,2007,40962
ITL2,TLI6,Outer London - South,2008,39750
ITL2,TLI6,Outer London - South,2009,36873
ITL2,TLI6,Outer London - South,2010,37643
ITL2,TLI6,Outer London - South,2011,37690
ITL2,TLI6,Outer London - South,2012,38305
ITL2,TLI6,Outer London - South,2013,38687
ITL2,TLI6,Outer London - South,2014,40177
ITL2,TLI6,Outer London - South,2015,40083
ITL2,TLI6,Outer London - South,2016,40941
ITL2,TLI6,Outer London - South,2017,41158
ITL2,TLI6,Outer London - South,2018,41612
ITL2,TLI6,Outer London - South,2019,41742
ITL2,TLI6,Outer London - South,2020,35809
ITL2,TLI6,Outer London - South,2021,37624
ITL2,TLI6,Outer London - South,2022,40677
ITL2,TLI6,Outer London - South,2023,40738
ITL3,TLI61,Bromley,1998,8664
ITL3,TLI61,Bromley,1999,8944
ITL3,TLI61,Bromley,2000,8934
ITL3,TLI61,Bromley,2001,9068
ITL3,TLI61,Bromley,2002,9332
ITL3,TLI61,Bromley,2003,9764
ITL3,TLI61,Bromley,2004,9941
ITL3,TLI61,Bromley,2005,10048
ITL3,TLI61,Bromley,2006,10471
ITL3,TLI61,Bromley,2007,10600
ITL3,TLI61,Bromley,2008,10178
ITL3,TLI61,Bromley,2009,9393
ITL3,TLI61,Bromley,2010,9656
ITL3,TLI61,Bromley,2011,9742
ITL3,TLI61,Bromley,2012,10010
ITL3,TLI61,Bromley,2013,10145
ITL3,TLI61,Bromley,2014,10036
ITL3,TLI61,Bromley,2015,10014
ITL3,TLI61,Bromley,2016,10225
ITL3,TLI61,Bromley,2017,10426
ITL3,TLI61,Bromley,2018,10383
ITL3,TLI61,Bromley,2019,9979
ITL3,TLI61,Bromley,2020,8498
ITL3,TLI61,Bromley,2021,8735
ITL3,TLI61,Bromley,2022,9435
ITL3,TLI61,Bromley,2023,9278
ITL3,TLI62,Croydon,1998,9138
ITL3,TLI62,Croydon,1999,9457
ITL3,TLI62,Croydon,2000,10008
ITL3,TLI62,Croydon,2001,10042
ITL3,TLI62,Croydon,2002,10114
ITL3,TLI62,Croydon,2003,10487
ITL3,TLI62,Croydon,2004,10506
ITL3,TLI62,Croydon,2005,10859
ITL3,TLI62,Croydon,2006,10694
ITL3,TLI62,Croydon,2007,11613
ITL3,TLI62,Croydon,2008,11367
ITL3,TLI62,Croydon,2009,10561
ITL3,TLI62,Croydon,2010,10675
ITL3,TLI62,Croydon,2011,10521
ITL3,TLI62,Croydon,2012,10546
ITL3,TLI62,Croydon,2013,10545
ITL3,TLI62,Croydon,2014,11330
ITL3,TLI62,Croydon,2015,11291
ITL3,TLI62,Croydon,2016,11312
ITL3,TLI62,Croydon,2017,11485
ITL3,TLI62,Croydon,2018,12152
ITL3,TLI62,Croydon,2019,12617
ITL3,TLI62,Croydon,2020,11267
ITL3,TLI62,Croydon,2021,11890
ITL3,TLI62,Croydon,2022,12825
ITL3,TLI62,Croydon,2023,12755
ITL3,TLI63,"Merton, Kingston upon Thames and Sutton",1998,14870
ITL3,TLI63,"Merton, Kingston upon Thames and Sutton",1999,15503
ITL3,TLI63,"Merton, Kingston upon Thames and Sutton",2000,16128
ITL3,TLI63,"Merton, Kingston upon Thames and Sutton",2001,16284
ITL3,TLI63,"Merton, Kingston upon Thames and Sutton",2002,16374
ITL3,TLI63,"Merton, Kingston upon Thames and Sutton",2003,16970
ITL3,TLI63,"Merton, Kingston upon Thames and Sutton",2004,17353
ITL3,TLI63,"Merton, Kingston upon Thames and Sutton",2005,17693
ITL3,TLI63,"Merton, Kingston upon Thames and Sutton",2006,18203
ITL3,TLI63,"Merton, Kingston upon Thames and Sutton",2007,18673
ITL3,TLI63,"Merton, Kingston upon Thames and Sutton",2008,18156
ITL3,TLI63,"Merton, Kingston upon Thames and Sutton",2009,16860
ITL3,TLI63,"Merton, Kingston upon Thames and Sutton",2010,17306
ITL3,TLI63,"Merton, Kingston upon Thames and Sutton",2011,17499
ITL3,TLI63,"Merton, Kingston upon Thames and Sutton",2012,17804
ITL3,TLI63,"Merton, Kingston upon Thames and Sutton",2013,18096
ITL3,TLI63,"Merton, Kingston upon Thames and Sutton",2014,18911
ITL3,TLI63,"Merton, Kingston upon Thames and Sutton",2015,18822
ITL3,TLI63,"Merton, Kingston upon Thames and Sutton",2016,19455
ITL3,TLI63,"Merton, Kingston upon Thames and Sutton",2017,19288
ITL3,TLI63,"Merton, Kingston upon Thames and Sutton",2018,19131
ITL3,TLI63,"Merton, Kingston upon Thames and Sutton",2019,19193
ITL3,TLI63,"Merton, Kingston upon Thames and Sutton",2020,16096
ITL3,TLI63,"Merton, Kingston upon Thames and Sutton",2021,17026
ITL3,TLI63,"Merton, Kingston upon Thames and Sutton",2022,18417
ITL3,TLI63,"Merton, Kingston upon Thames and Sutton",2023,18740
ITL2,TLI7,Outer London - West and North West,1998,56365
ITL2,TLI7,Outer London - West and North West,1999,58660
ITL2,TLI7,Outer London - West and North West,2000,61961
ITL2,TLI7,Outer London - West and North West,2001,61354
ITL2,TLI7,Outer London - West and North West,2002,61940
ITL2,TLI7,Outer London - West and North West,2003,64279
ITL2,TLI7,Outer London - West and North West,2004,65840
ITL2,TLI7,Outer London - West and North West,2005,67834
ITL2,TLI7,Outer London - West and North West,2006,71958
ITL2,TLI7,Outer London - West and North West,2007,74426
ITL2,TLI7,Outer London - West and North West,2008,72321
ITL2,TLI7,Outer London - West and North West,2009,67656
ITL2,TLI7,Outer London - West and North West,2010,69985
ITL2,TLI7,Outer London - West and North West,2011,71627
ITL2,TLI7,Outer London - West and North West,2012,74253
ITL2,TLI7,Outer London - West and North West,2013,77490
ITL2,TLI7,Outer London - West and North West,2014,81728
ITL2,TLI7,Outer London - West and North West,2015,82363
ITL2,TLI7,Outer London - West and North West,2016,83646
ITL2,TLI7,Outer London - West and North West,2017,84169
ITL2,TLI7,Outer London - West and North West,2018,84598
ITL2,TLI7,Outer London - West and North West,2019,84755
ITL2,TLI7,Outer London - West and North West,2020,67317
ITL2,TLI7,Outer London - West and North West,2021,70189
ITL2,TLI7,Outer London - West and North West,2022,80602
ITL2,TLI7,Outer London - West and North West,2023,79444
ITL3,TLI71,Barnet,1998,8200
ITL3,TLI71,Barnet,1999,8525
ITL3,TLI71,Barnet,2000,8695
ITL3,TLI71,Barnet,2001,8821
ITL3,TLI71,Barnet,2002,9015
ITL3,TLI71,Barnet,2003,9371
ITL3,TLI71,Barnet,2004,9548
ITL3,TLI71,Barnet,2005,9664
ITL3,TLI71,Barnet,2006,10102
ITL3,TLI71,Barnet,2007,10214
ITL3,TLI71,Barnet,2008,9701
ITL3,TLI71,Barnet,2009,9189
ITL3,TLI71,Barnet,2010,9577
ITL3,TLI71,Barnet,2011,9690
ITL3,TLI71,Barnet,2012,10255
ITL3,TLI71,Barnet,2013,10350
ITL3,TLI71,Barnet,2014,10697
ITL3,TLI71,Barnet,2015,10799
ITL3,TLI71,Barnet,2016,10979
ITL3,TLI71,Barnet,2017,10947
ITL3,TLI71,Barnet,2018,11061
ITL3,TLI71,Barnet,2019,11097
ITL3,TLI71,Barnet,2020,9894
ITL3,TLI71,Barnet,2021,10825
ITL3,TLI71,Barnet,2022,11884
ITL3,TLI71,Barnet,2023,11467
ITL3,TLI72,Brent,1998,7549
ITL3,TLI72,Brent,1999,7938
ITL3,TLI72,Brent,2000,8259
ITL3,TLI72,Brent,2001,8296
ITL3,TLI72,Brent,2002,8434
ITL3,TLI72,Brent,2003,8606
ITL3,TLI72,Brent,2004,8654
ITL3,TLI72,Brent,2005,8923
ITL3,TLI72,Brent,2006,9370
ITL3,TLI72,Brent,2007,9452
ITL3,TLI72,Brent,2008,9152
ITL3,TLI72,Brent,2009,8565
ITL3,TLI72,Brent,2010,8893
ITL3,TLI72,Brent,2011,9067
ITL3,TLI72,Brent,2012,9614
ITL3,TLI72,Brent,2013,9961
ITL3,TLI72,Brent,2014,10621
ITL3,TLI72,Brent,2015,10895
ITL3,TLI72,Brent,2016,11078
ITL3,TLI72,Brent,2017,11057
ITL3,TLI72,Brent,2018,10798
ITL3,TLI72,Brent,2019,11099
ITL3,TLI72,Brent,2020,9499
ITL3,TLI72,Brent,2021,10066
ITL3,TLI72,Brent,2022,10945
ITL3,TLI72,Brent,2023,10843
ITL3,TLI73,Ealing,1998,8620
ITL3,TLI73,Ealing,1999,8984
ITL3,TLI73,Ealing,2000,9294
ITL3,TLI73,Ealing,2001,9411
ITL3,TLI73,Ealing,2002,9514
ITL3,TLI73,Ealing,2003,9863
ITL3,TLI73,Ealing,2004,10007
ITL3,TLI73,Ealing,2005,10121
ITL3,TLI73,Ealing,2006,10575
ITL3,TLI73,Ealing,2007,10730
ITL3,TLI73,Ealing,2008,10384
ITL3,TLI73,Ealing,2009,9611
ITL3,TLI73,Ealing,2010,9874
ITL3,TLI73,Ealing,2011,10095
ITL3,TLI73,Ealing,2012,10638
ITL3,TLI73,Ealing,2013,11085
ITL3,TLI73,Ealing,2014,11688
ITL3,TLI73,Ealing,2015,11914
ITL3,TLI73,Ealing,2016,12169
ITL3,TLI73,Ealing,2017,11690
ITL3,TLI73,Ealing,2018,11605
ITL3,TLI73,Ealing,2019,11366
ITL3,TLI73,Ealing,2020,10310
ITL3,TLI73,Ealing,2021,10581
ITL3,TLI73,Ealing,2022,11161
ITL3,TLI73,Ealing,2023,10602
ITL3,TLI74,Harrow and Hillingdon,1998,17566
ITL3,TLI74,Harrow and Hillingdon,1999,17996
ITL3,TLI74,Harrow and Hillingdon,2000,19061
ITL3,TLI74,Harrow and Hillingdon,2001,18068
ITL3,TLI74,Harrow and Hillingdon,2002,18125
ITL3,TLI74,Harrow and Hillingdon,2003,19078
ITL3,TLI74,Harrow and Hillingdon,2004,19923
ITL3,TLI74,Harrow and Hillingdon,2005,20601
ITL3,TLI74,Harrow and Hillingdon,2006,21655
ITL3,TLI74,Harrow and Hillingdon,2007,22873
ITL3,TLI74,Harrow and Hillingdon,2008,21613
ITL3,TLI74,Harrow and Hillingdon,2009,19745
ITL3,TLI74,Harrow and Hillingdon,2010,20733
ITL3,TLI74,Harrow and Hillingdon,2011,21529
ITL3,TLI74,Harrow and Hillingdon,2012,21800
ITL3,TLI74,Harrow and Hillingdon,2013,22561
ITL3,TLI74,Harrow and Hillingdon,2014,24131
ITL3,TLI74,Harrow and Hillingdon,2015,23444
ITL3,TLI74,Harrow and Hillingdon,2016,22897
ITL3,TLI74,Harrow and Hillingdon,2017,23492
ITL3,TLI74,Harrow and Hillingdon,2018,23648
ITL3,TLI74,Harrow and Hillingdon,2019,23467
ITL3,TLI74,Harrow and Hillingdon,2020,17164
ITL3,TLI74,Harrow and Hillingdon,2021,18071
ITL3,TLI74,Harrow and Hillingdon,2022,21160
ITL3,TLI74,Harrow and Hillingdon,2023,21307
ITL3,TLI75,Hounslow and Richmond upon Thames,1998,14669
ITL3,TLI75,Hounslow and Richmond upon Thames,1999,15479
ITL3,TLI75,Hounslow and Richmond upon Thames,2000,16793
ITL3,TLI75,Hounslow and Richmond upon Thames,2001,16960
ITL3,TLI75,Hounslow and Richmond upon Thames,2002,17161
ITL3,TLI75,Hounslow and Richmond upon Thames,2003,17626
ITL3,TLI75,Hounslow and Richmond upon Thames,2004,17935
ITL3,TLI75,Hounslow and Richmond upon Thames,2005,18657
ITL3,TLI75,Hounslow and Richmond upon Thames,2006,20391
ITL3,TLI75,Hounslow and Richmond upon Thames,2007,21287
ITL3,TLI75,Hounslow and Richmond upon Thames,2008,21614
ITL3,TLI75,Hounslow and Richmond upon Thames,2009,20574
ITL3,TLI75,Hounslow and Richmond upon Thames,2010,20958
ITL3,TLI75,Hounslow and Richmond upon Thames,2011,21385
ITL3,TLI75,Hounslow and Richmond upon Thames,2012,22097
ITL3,TLI75,Hounslow and Richmond upon Thames,2013,23657
ITL3,TLI75,Hounslow and Richmond upon Thames,2014,24836
ITL3,TLI75,Hounslow and Richmond upon Thames,2015,25499
ITL3,TLI75,Hounslow and Richmond upon Thames,2016,26689
ITL3,TLI75,Hounslow and Richmond upon Thames,2017,27096
ITL3,TLI75,Hounslow and Richmond upon Thames,2018,27538
ITL3,TLI75,Hounslow and Richmond upon Thames,2019,27782
ITL3,TLI75,Hounslow and Richmond upon Thames,2020,20551
ITL3,TLI75,Hounslow and Richmond upon Thames,2021,20695
ITL3,TLI75,Hounslow and Richmond upon Thames,2022,25452
ITL3,TLI75,Hounslow and Richmond upon Thames,2023,25212
ITL1,TLJ,South East,1998,229902
ITL1,TLJ,South East,1999,238772
ITL1,TLJ,South East,2000,251158
ITL1,TLJ,South East,2001,256172
ITL1,TLJ,South East,2002,261414
ITL1,TLJ,South East,2003,267720
ITL1,TLJ,South East,2004,270898
ITL1,TLJ,South East,2005,278641
ITL1,TLJ,South East,2006,284542
ITL1,TLJ,South East,2007,292228
ITL1,TLJ,South East,2008,296700
ITL1,TLJ,South East,2009,285624
ITL1,TLJ,South East,2010,297389
ITL1,TLJ,South East,2011,303061
ITL1,TLJ,South East,2012,309546
ITL1,TLJ,South East,2013,314969
ITL1,TLJ,South East,2014,324401
ITL1,TLJ,South East,2015,333830
ITL1,TLJ,South East,2016,334878
ITL1,TLJ,South East,2017,342795
ITL1,TLJ,South East,2018,348928
ITL1,TLJ,South East,2019,359550
ITL1,TLJ,South East,2020,333593
ITL1,TLJ,South East,2021,352647
ITL1,TLJ,South East,2022,364427
ITL1,TLJ,South East,2023,364440
ITL2,TLJ1,"Berkshire, Buckinghamshire and Oxfordshire",1998,64380
ITL2,TLJ1,"Berkshire, Buckinghamshire and Oxfordshire",1999,68078
ITL2,TLJ1,"Berkshire, Buckinghamshire and Oxfordshire",2000,73524
ITL2,TLJ1,"Berkshire, Buckinghamshire and Oxfordshire",2001,75138
ITL2,TLJ1,"Berkshire, Buckinghamshire and Oxfordshire",2002,77562
ITL2,TLJ1,"Berkshire, Buckinghamshire and Oxfordshire",2003,81084
ITL2,TLJ1,"Berkshire, Buckinghamshire and Oxfordshire",2004,81566
ITL2,TLJ1,"Berkshire, Buckinghamshire and Oxfordshire",2005,84541
ITL2,TLJ1,"Berkshire, Buckinghamshire and Oxfordshire",2006,86887
ITL2,TLJ1,"Berkshire, Buckinghamshire and Oxfordshire",2007,89256
ITL2,TLJ1,"Berkshire, Buckinghamshire and Oxfordshire",2008,90610
ITL2,TLJ1,"Berkshire, Buckinghamshire and Oxfordshire",2009,87958
ITL2,TLJ1,"Berkshire, Buckinghamshire and Oxfordshire",2010,91198
ITL2,TLJ1,"Berkshire, Buckinghamshire and Oxfordshire",2011,94696
ITL2,TLJ1,"Berkshire, Buckinghamshire and Oxfordshire",2012,97734
ITL2,TLJ1,"Berkshire, Buckinghamshire and Oxfordshire",2013,99373
ITL2,TLJ1,"Berkshire, Buckinghamshire and Oxfordshire",2014,103966
ITL2,TLJ1,"Berkshire, Buckinghamshire and Oxfordshire",2015,107417
ITL2,TLJ1,"Berkshire, Buckinghamshire and Oxfordshire",2016,106932
ITL2,TLJ1,"Berkshire, Buckinghamshire and Oxfordshire",2017,109062
ITL2,TLJ1,"Berkshire, Buckinghamshire and Oxfordshire",2018,112996
ITL2,TLJ1,"Berkshire, Buckinghamshire and Oxfordshire",2019,117401
ITL2,TLJ1,"Berkshire, Buckinghamshire and Oxfordshire",2020,112125
ITL2,TLJ1,"Berkshire, Buckinghamshire and Oxfordshire",2021,118671
ITL2,TLJ1,"Berkshire, Buckinghamshire and Oxfordshire",2022,121583
ITL2,TLJ1,"Berkshire, Buckinghamshire and Oxfordshire",2023,121219
ITL3,TLJ12,Milton Keynes,1998,9631
ITL3,TLJ12,Milton Keynes,1999,9829
ITL3,TLJ12,Milton Keynes,2000,10589
ITL3,TLJ12,Milton Keynes,2001,10899
ITL3,TLJ12,Milton Keynes,2002,11475
ITL3,TLJ12,Milton Keynes,2003,11980
ITL3,TLJ12,Milton Keynes,2004,11747
ITL3,TLJ12,Milton Keynes,2005,12009
ITL3,TLJ12,Milton Keynes,2006,12497
ITL3,TLJ12,Milton Keynes,2007,12768
ITL3,TLJ12,Milton Keynes,2008,12776
ITL3,TLJ12,Milton Keynes,2009,11892
ITL3,TLJ12,Milton Keynes,2010,12429
ITL3,TLJ12,Milton Keynes,2011,12795
ITL3,TLJ12,Milton Keynes,2012,13230
ITL3,TLJ12,Milton Keynes,2013,13828
ITL3,TLJ12,Milton Keynes,2014,15079
ITL3,TLJ12,Milton Keynes,2015,16390
ITL3,TLJ12,Milton Keynes,2016,15969
ITL3,TLJ12,Milton Keynes,2017,16796
ITL3,TLJ12,Milton Keynes,2018,16977
ITL3,TLJ12,Milton Keynes,2019,16856
ITL3,TLJ12,Milton Keynes,2020,15037
ITL3,TLJ12,Milton Keynes,2021,15999
ITL3,TLJ12,Milton Keynes,2022,16973
ITL3,TLJ12,Milton Keynes,2023,16753
ITL3,TLJ13,Buckinghamshire,1998,15039
ITL3,TLJ13,Buckinghamshire,1999,15505
ITL3,TLJ13,Buckinghamshire,2000,16244
ITL3,TLJ13,Buckinghamshire,2001,16371
ITL3,TLJ13,Buckinghamshire,2002,16485
ITL3,TLJ13,Buckinghamshire,2003,16766
ITL3,TLJ13,Buckinghamshire,2004,16566
ITL3,TLJ13,Buckinghamshire,2005,17154
ITL3,TLJ13,Buckinghamshire,2006,17256
ITL3,TLJ13,Buckinghamshire,2007,17921
ITL3,TLJ13,Buckinghamshire,2008,18266
ITL3,TLJ13,Buckinghamshire,2009,17455
ITL3,TLJ13,Buckinghamshire,2010,17864
ITL3,TLJ13,Buckinghamshire,2011,18301
ITL3,TLJ13,Buckinghamshire,2012,18470
ITL3,TLJ13,Buckinghamshire,2013,18680
ITL3,TLJ13,Buckinghamshire,2014,19053
ITL3,TLJ13,Buckinghamshire,2015,19023
ITL3,TLJ13,Buckinghamshire,2016,18912
ITL3,TLJ13,Buckinghamshire,2017,18882
ITL3,TLJ13,Buckinghamshire,2018,19141
ITL3,TLJ13,Buckinghamshire,2019,20110
ITL3,TLJ13,Buckinghamshire,2020,18475
ITL3,TLJ13,Buckinghamshire,2021,19694
ITL3,TLJ13,Buckinghamshire,2022,19960
ITL3,TLJ13,Buckinghamshire,2023,19888
ITL3,TLJ14,Oxfordshire CC,1998,20327
ITL3,TLJ14,Oxfordshire CC,1999,20974
ITL3,TLJ14,Oxfordshire CC,2000,21708
ITL3,TLJ14,Oxfordshire CC,2001,22193
ITL3,TLJ14,Oxfordshire CC,2002,22953
ITL3,TLJ14,Oxfordshire CC,2003,23649
ITL3,TLJ14,Oxfordshire CC,2004,23515
ITL3,TLJ14,Oxfordshire CC,2005,23893
ITL3,TLJ14,Oxfordshire CC,2006,24216
ITL3,TLJ14,Oxfordshire CC,2007,24469
ITL3,TLJ14,Oxfordshire CC,2008,24900
ITL3,TLJ14,Oxfordshire CC,2009,23946
ITL3,TLJ14,Oxfordshire CC,2010,24539
ITL3,TLJ14,Oxfordshire CC,2011,25116
ITL3,TLJ14,Oxfordshire CC,2012,25650
ITL3,TLJ14,Oxfordshire CC,2013,26308
ITL3,TLJ14,Oxfordshire CC,2014,27229
ITL3,TLJ14,Oxfordshire CC,2015,27682
ITL3,TLJ14,Oxfordshire CC,2016,26775
ITL3,TLJ14,Oxfordshire CC,2017,26992
ITL3,TLJ14,Oxfordshire CC,2018,27574
ITL3,TLJ14,Oxfordshire CC,2019,28825
ITL3,TLJ14,Oxfordshire CC,2020,27565
ITL3,TLJ14,Oxfordshire CC,2021,28856
ITL3,TLJ14,Oxfordshire CC,2022,30484
ITL3,TLJ14,Oxfordshire CC,2023,29754
ITL3,TLJ15,Berkshire East,1998,11825
ITL3,TLJ15,Berkshire East,1999,12794
ITL3,TLJ15,Berkshire East,2000,14253
ITL3,TLJ15,Berkshire East,2001,14613
ITL3,TLJ15,Berkshire East,2002,15227
ITL3,TLJ15,Berkshire East,2003,16213
ITL3,TLJ15,Berkshire East,2004,16401
ITL3,TLJ15,Berkshire East,2005,17095
ITL3,TLJ15,Berkshire East,2006,17725
ITL3,TLJ15,Berkshire East,2007,18206
ITL3,TLJ15,Berkshire East,2008,18573
ITL3,TLJ15,Berkshire East,2009,18466
ITL3,TLJ15,Berkshire East,2010,19336
ITL3,TLJ15,Berkshire East,2011,20460
ITL3,TLJ15,Berkshire East,2012,21141
ITL3,TLJ15,Berkshire East,2013,21694
ITL3,TLJ15,Berkshire East,2014,22394
ITL3,TLJ15,Berkshire East,2015,23071
ITL3,TLJ15,Berkshire East,2016,23208
ITL3,TLJ15,Berkshire East,2017,23857
ITL3,TLJ15,Berkshire East,2018,24321
ITL3,TLJ15,Berkshire East,2019,24525
ITL3,TLJ15,Berkshire East,2020,23654
ITL3,TLJ15,Berkshire East,2021,24937
ITL3,TLJ15,Berkshire East,2022,24765
ITL3,TLJ15,Berkshire East,2023,24338
ITL3,TLJ16,Berkshire West,1998,9997
ITL3,TLJ16,Berkshire West,1999,10987
ITL3,TLJ16,Berkshire West,2000,12293
ITL3,TLJ16,Berkshire West,2001,12586
ITL3,TLJ16,Berkshire West,2002,12981
ITL3,TLJ16,Berkshire West,2003,13869
ITL3,TLJ16,Berkshire West,2004,14413
ITL3,TLJ16,Berkshire West,2005,15245
ITL3,TLJ16,Berkshire West,2006,15894
ITL3,TLJ16,Berkshire West,2007,16530
ITL3,TLJ16,Berkshire West,2008,16723
ITL3,TLJ16,Berkshire West,2009,16642
ITL3,TLJ16,Berkshire West,2010,17234
ITL3,TLJ16,Berkshire West,2011,18219
ITL3,TLJ16,Berkshire West,2012,19271
ITL3,TLJ16,Berkshire West,2013,19262
ITL3,TLJ16,Berkshire West,2014,20643
ITL3,TLJ16,Berkshire West,2015,21799
ITL3,TLJ16,Berkshire West,2016,22485
ITL3,TLJ16,Berkshire West,2017,22881
ITL3,TLJ16,Berkshire West,2018,25216
ITL3,TLJ16,Berkshire West,2019,27231
ITL3,TLJ16,Berkshire West,2020,27471
ITL3,TLJ16,Berkshire West,2021,29188
ITL3,TLJ16,Berkshire West,2022,29401
ITL3,TLJ16,Berkshire West,2023,30464
ITL2,TLJ2,"Surrey, East and West Sussex",1998,77464
ITL2,TLJ2,"Surrey, East and West Sussex",1999,81060
ITL2,TLJ2,"Surrey, East and West Sussex",2000,84335
ITL2,TLJ2,"Surrey, East and West Sussex",2001,85147
ITL2,TLJ2,"Surrey, East and West Sussex",2002,85966
ITL2,TLJ2,"Surrey, East and West Sussex",2003,86831
ITL2,TLJ2,"Surrey, East and West Sussex",2004,86679
ITL2,TLJ2,"Surrey, East and West Sussex",2005,88485
ITL2,TLJ2,"Surrey, East and West Sussex",2006,91297
ITL2,TLJ2,"Surrey, East and West Sussex",2007,93888
ITL2,TLJ2,"Surrey, East and West Sussex",2008,95386
ITL2,TLJ2,"Surrey, East and West Sussex",2009,91646
ITL2,TLJ2,"Surrey, East and West Sussex",2010,95144
ITL2,TLJ2,"Surrey, East and West Sussex",2011,94832
ITL2,TLJ2,"Surrey, East and West Sussex",2012,96911
ITL2,TLJ2,"Surrey, East and West Sussex",2013,98748
ITL2,TLJ2,"Surrey, East and West Sussex",2014,100926
ITL2,TLJ2,"Surrey, East and West Sussex",2015,103292
ITL2,TLJ2,"Surrey, East and West Sussex",2016,103590
ITL2,TLJ2,"Surrey, East and West Sussex",2017,105826
ITL2,TLJ2,"Surrey, East and West Sussex",2018,106295
ITL2,TLJ2,"Surrey, East and West Sussex",2019,108803
ITL2,TLJ2,"Surrey, East and West Sussex",2020,99600
ITL2,TLJ2,"Surrey, East and West Sussex",2021,104240
ITL2,TLJ2,"Surrey, East and West Sussex",2022,110145
ITL2,TLJ2,"Surrey, East and West Sussex",2023,110548
ITL3,TLJ21,Brighton and Hove,1998,6534
ITL3,TLJ21,Brighton and Hove,1999,6842
ITL3,TLJ21,Brighton and Hove,2000,7082
ITL3,TLJ21,Brighton and Hove,2001,7359
ITL3,TLJ21,Brighton and Hove,2002,7366
ITL3,TLJ21,Brighton and Hove,2003,7390
ITL3,TLJ21,Brighton and Hove,2004,7284
ITL3,TLJ21,Brighton and Hove,2005,7572
ITL3,TLJ21,Brighton and Hove,2006,7556
ITL3,TLJ21,Brighton and Hove,2007,8010
ITL3,TLJ21,Brighton and Hove,2008,8205
ITL3,TLJ21,Brighton and Hove,2009,7896
ITL3,TLJ21,Brighton and Hove,2010,8170
ITL3,TLJ21,Brighton and Hove,2011,8189
ITL3,TLJ21,Brighton and Hove,2012,8589
ITL3,TLJ21,Brighton and Hove,2013,8863
ITL3,TLJ21,Brighton and Hove,2014,9094
ITL3,TLJ21,Brighton and Hove,2015,9525
ITL3,TLJ21,Brighton and Hove,2016,9861
ITL3,TLJ21,Brighton and Hove,2017,10289
ITL3,TLJ21,Brighton and Hove,2018,10689
ITL3,TLJ21,Brighton and Hove,2019,10957
ITL3,TLJ21,Brighton and Hove,2020,10228
ITL3,TLJ21,Brighton and Hove,2021,11107
ITL3,TLJ21,Brighton and Hove,2022,11979
ITL3,TLJ21,Brighton and Hove,2023,12061
ITL3,TLJ22,East Sussex CC,1998,9654
ITL3,TLJ22,East Sussex CC,1999,9964
ITL3,TLJ22,East Sussex CC,2000,10216
ITL3,TLJ22,East Sussex CC,2001,10542
ITL3,TLJ22,East Sussex CC,2002,10723
ITL3,TLJ22,East Sussex CC,2003,10860
ITL3,TLJ22,East Sussex CC,2004,10858
ITL3,TLJ22,East Sussex CC,2005,11036
ITL3,TLJ22,East Sussex CC,2006,11234
ITL3,TLJ22,East Sussex CC,2007,11176
ITL3,TLJ22,East Sussex CC,2008,11419
ITL3,TLJ22,East Sussex CC,2009,11041
ITL3,TLJ22,East Sussex CC,2010,11184
ITL3,TLJ22,East Sussex CC,2011,11175
ITL3,TLJ22,East Sussex CC,2012,11002
ITL3,TLJ22,East Sussex CC,2013,11181
ITL3,TLJ22,East Sussex CC,2014,11474
ITL3,TLJ22,East Sussex CC,2015,11773
ITL3,TLJ22,East Sussex CC,2016,12083
ITL3,TLJ22,East Sussex CC,2017,12249
ITL3,TLJ22,East Sussex CC,2018,12176
ITL3,TLJ22,East Sussex CC,2019,12471
ITL3,TLJ22,East Sussex CC,2020,11467
ITL3,TLJ22,East Sussex CC,2021,12353
ITL3,TLJ22,East Sussex CC,2022,12622
ITL3,TLJ22,East Sussex CC,2023,12704
ITL3,TLJ25,West Surrey,1998,26790
ITL3,TLJ25,West Surrey,1999,28160
ITL3,TLJ25,West Surrey,2000,29691
ITL3,TLJ25,West Surrey,2001,30131
ITL3,TLJ25,West Surrey,2002,30114
ITL3,TLJ25,West Surrey,2003,30598
ITL3,TLJ25,West Surrey,2004,30746
ITL3,TLJ25,West Surrey,2005,31227
ITL3,TLJ25,West Surrey,2006,32694
ITL3,TLJ25,West Surrey,2007,32664
ITL3,TLJ25,West Surrey,2008,32984
ITL3,TLJ25,West Surrey,2009,31948
ITL3,TLJ25,West Surrey,2010,33168
ITL3,TLJ25,West Surrey,2011,33335
ITL3,TLJ25,West Surrey,2012,33818
ITL3,TLJ25,West Surrey,2013,34825
ITL3,TLJ25,West Surrey,2014,36263
ITL3,TLJ25,West Surrey,2015,37416
ITL3,TLJ25,West Surrey,2016,37194
ITL3,TLJ25,West Surrey,2017,37627
ITL3,TLJ25,West Surrey,2018,38070
ITL3,TLJ25,West Surrey,2019,39484
ITL3,TLJ25,West Surrey,2020,37506
ITL3,TLJ25,West Surrey,2021,38077
ITL3,TLJ25,West Surrey,2022,39005
ITL3,TLJ25,West Surrey,2023,38108
ITL3,TLJ26,East Surrey,1998,15468
ITL3,TLJ26,East Surrey,1999,15962
ITL3,TLJ26,East Surrey,2000,16687
ITL3,TLJ26,East Surrey,2001,16435
ITL3,TLJ26,East Surrey,2002,16438
ITL3,TLJ26,East Surrey,2003,16191
ITL3,TLJ26,East Surrey,2004,16231
ITL3,TLJ26,East Surrey,2005,16964
ITL3,TLJ26,East Surrey,2006,17301
ITL3,TLJ26,East Surrey,2007,18866
ITL3,TLJ26,East Surrey,2008,19019
ITL3,TLJ26,East Surrey,2009,18208
ITL3,TLJ26,East Surrey,2010,19329
ITL3,TLJ26,East Surrey,2011,18697
ITL3,TLJ26,East Surrey,2012,19420
ITL3,TLJ26,East Surrey,2013,19587
ITL3,TLJ26,East Surrey,2014,19638
ITL3,TLJ26,East Surrey,2015,19229
ITL3,TLJ26,East Surrey,2016,18359
ITL3,TLJ26,East Surrey,2017,18522
ITL3,TLJ26,East Surrey,2018,17325
ITL3,TLJ26,East Surrey,2019,17352
ITL3,TLJ26,East Surrey,2020,15394
ITL3,TLJ26,East Surrey,2021,16174
ITL3,TLJ26,East Surrey,2022,17399
ITL3,TLJ26,East Surrey,2023,17825
ITL3,TLJ27,West Sussex (South West),1998,9505
ITL3,TLJ27,West Sussex (South West),1999,10160
ITL3,TLJ27,West Sussex (South West),2000,10383
ITL3,TLJ27,West Sussex (South West),2001,10580
ITL3,TLJ27,West Sussex (South West),2002,10985
ITL3,TLJ27,West Sussex (South West),2003,11266
ITL3,TLJ27,West Sussex (South West),2004,11164
ITL3,TLJ27,West Sussex (South West),2005,11145
ITL3,TLJ27,West Sussex (South West),2006,11380
ITL3,TLJ27,West Sussex (South West),2007,11518
ITL3,TLJ27,West Sussex (South West),2008,11776
ITL3,TLJ27,West Sussex (South West),2009,11120
ITL3,TLJ27,West Sussex (South West),2010,11433
ITL3,TLJ27,West Sussex (South West),2011,11476
ITL3,TLJ27,West Sussex (South West),2012,11806
ITL3,TLJ27,West Sussex (South West),2013,12048
ITL3,TLJ27,West Sussex (South West),2014,11991
ITL3,TLJ27,West Sussex (South West),2015,12398
ITL3,TLJ27,West Sussex (South West),2016,12576
ITL3,TLJ27,West Sussex (South West),2017,13271
ITL3,TLJ27,West Sussex (South West),2018,13556
ITL3,TLJ27,West Sussex (South West),2019,13885
ITL3,TLJ27,West Sussex (South West),2020,12868
ITL3,TLJ27,West Sussex (South West),2021,13704
ITL3,TLJ27,West Sussex (South West),2022,14064
ITL3,TLJ27,West Sussex (South West),2023,14179
ITL3,TLJ28,West Sussex (North East),1998,9868
ITL3,TLJ28,West Sussex (North East),1999,10251
ITL3,TLJ28,West Sussex (North East),2000,10614
ITL3,TLJ28,West Sussex (North East),2001,10520
ITL3,TLJ28,West Sussex (North East),2002,10737
ITL3,TLJ28,West Sussex (North East),2003,10923
ITL3,TLJ28,West Sussex (North East),2004,10869
ITL3,TLJ28,West Sussex (North East),2005,10976
ITL3,TLJ28,West Sussex (North East),2006,11579
ITL3,TLJ28,West Sussex (North East),2007,12024
ITL3,TLJ28,West Sussex (North East),2008,12308
ITL3,TLJ28,West Sussex (North East),2009,11837
ITL3,TLJ28,West Sussex (North East),2010,12275
ITL3,TLJ28,West Sussex (North East),2011,12405
ITL3,TLJ28,West Sussex (North East),2012,12728
ITL3,TLJ28,West Sussex (North East),2013,12725
ITL3,TLJ28,West Sussex (North East),2014,12944
ITL3,TLJ28,West Sussex (North East),2015,13316
ITL3,TLJ28,West Sussex (North East),2016,13714
ITL3,TLJ28,West Sussex (North East),2017,14138
ITL3,TLJ28,West Sussex (North East),2018,14586
ITL3,TLJ28,West Sussex (North East),2019,14782
ITL3,TLJ28,West Sussex (North East),2020,12238
ITL3,TLJ28,West Sussex (North East),2021,12956
ITL3,TLJ28,West Sussex (North East),2022,15077
ITL3,TLJ28,West Sussex (North East),2023,15669
ITL2,TLJ3,Hampshire and Isle of Wight,1998,49110
ITL2,TLJ3,Hampshire and Isle of Wight,1999,49533
ITL2,TLJ3,Hampshire and Isle of Wight,2000,52050
ITL2,TLJ3,Hampshire and Isle of Wight,2001,53668
ITL2,TLJ3,Hampshire and Isle of Wight,2002,55046
ITL2,TLJ3,Hampshire and Isle of Wight,2003,55648
ITL2,TLJ3,Hampshire and Isle of Wight,2004,57481
ITL2,TLJ3,Hampshire and Isle of Wight,2005,59156
ITL2,TLJ3,Hampshire and Isle of Wight,2006,59801
ITL2,TLJ3,Hampshire and Isle of Wight,2007,61914
ITL2,TLJ3,Hampshire and Isle of Wight,2008,62715
ITL2,TLJ3,Hampshire and Isle of Wight,2009,60994
ITL2,TLJ3,Hampshire and Isle of Wight,2010,63963
ITL2,TLJ3,Hampshire and Isle of Wight,2011,65267
ITL2,TLJ3,Hampshire and Isle of Wight,2012,66354
ITL2,TLJ3,Hampshire and Isle of Wight,2013,67663
ITL2,TLJ3,Hampshire and Isle of Wight,2014,69092
ITL2,TLJ3,Hampshire and Isle of Wight,2015,70637
ITL2,TLJ3,Hampshire and Isle of Wight,2016,70922
ITL2,TLJ3,Hampshire and Isle of Wight,2017,73393
ITL2,TLJ3,Hampshire and Isle of Wight,2018,74327
ITL2,TLJ3,Hampshire and Isle of Wight,2019,76629
ITL2,TLJ3,Hampshire and Isle of Wight,2020,69795
ITL2,TLJ3,Hampshire and Isle of Wight,2021,74213
ITL2,TLJ3,Hampshire and Isle of Wight,2022,75491
ITL2,TLJ3,Hampshire and Isle of Wight,2023,75399
ITL3,TLJ31,Portsmouth,1998,5100
ITL3,TLJ31,Portsmouth,1999,5169
ITL3,TLJ31,Portsmouth,2000,5318
ITL3,TLJ31,Portsmouth,2001,5498
ITL3,TLJ31,Portsmouth,2002,5642
ITL3,TLJ31,Portsmouth,2003,5742
ITL3,TLJ31,Portsmouth,2004,5999
ITL3,TLJ31,Portsmouth,2005,6174
ITL3,TLJ31,Portsmouth,2006,6262
ITL3,TLJ31,Portsmouth,2007,6495
ITL3,TLJ31,Portsmouth,2008,6644
ITL3,TLJ31,Portsmouth,2009,6454
ITL3,TLJ31,Portsmouth,2010,6615
ITL3,TLJ31,Portsmouth,2011,6749
ITL3,TLJ31,Portsmouth,2012,6955
ITL3,TLJ31,Portsmouth,2013,7071
ITL3,TLJ31,Portsmouth,2014,7202
ITL3,TLJ31,Portsmouth,2015,7166
ITL3,TLJ31,Portsmouth,2016,7101
ITL3,TLJ31,Portsmouth,2017,7418
ITL3,TLJ31,Portsmouth,2018,7436
ITL3,TLJ31,Portsmouth,2019,7814
ITL3,TLJ31,Portsmouth,2020,7193
ITL3,TLJ31,Portsmouth,2021,7632
ITL3,TLJ31,Portsmouth,2022,7808
ITL3,TLJ31,Portsmouth,2023,8044
ITL3,TLJ32,Southampton,1998,7023
ITL3,TLJ32,Southampton,1999,7024
ITL3,TLJ32,Southampton,2000,7133
ITL3,TLJ32,Southampton,2001,7236
ITL3,TLJ32,Southampton,2002,7540
ITL3,TLJ32,Southampton,2003,7708
ITL3,TLJ32,Southampton,2004,8194
ITL3,TLJ32,Southampton,2005,8548
ITL3,TLJ32,Southampton,2006,8156
ITL3,TLJ32,Southampton,2007,8803
ITL3,TLJ32,Southampton,2008,9197
ITL3,TLJ32,Southampton,2009,8873
ITL3,TLJ32,Southampton,2010,9413
ITL3,TLJ32,Southampton,2011,9738
ITL3,TLJ32,Southampton,2012,9746
ITL3,TLJ32,Southampton,2013,9716
ITL3,TLJ32,Southampton,2014,9752
ITL3,TLJ32,Southampton,2015,10173
ITL3,TLJ32,Southampton,2016,9882
ITL3,TLJ32,Southampton,2017,10652
ITL3,TLJ32,Southampton,2018,11173
ITL3,TLJ32,Southampton,2019,10933
ITL3,TLJ32,Southampton,2020,9519
ITL3,TLJ32,Southampton,2021,10131
ITL3,TLJ32,Southampton,2022,9958
ITL3,TLJ32,Southampton,2023,9932
ITL3,TLJ34,Isle of Wight,1998,2526
ITL3,TLJ34,Isle of Wight,1999,2567
ITL3,TLJ34,Isle of Wight,2000,2634
ITL3,TLJ34,Isle of Wight,2001,2682
ITL3,TLJ34,Isle of Wight,2002,2788
ITL3,TLJ34,Isle of Wight,2003,2837
ITL3,TLJ34,Isle of Wight,2004,2939
ITL3,TLJ34,Isle of Wight,2005,2959
ITL3,TLJ34,Isle of Wight,2006,3041
ITL3,TLJ34,Isle of Wight,2007,2997
ITL3,TLJ34,Isle of Wight,2008,3038
ITL3,TLJ34,Isle of Wight,2009,2922
ITL3,TLJ34,Isle of Wight,2010,3003
ITL3,TLJ34,Isle of Wight,2011,3071
ITL3,TLJ34,Isle of Wight,2012,3120
ITL3,TLJ34,Isle of Wight,2013,3283
ITL3,TLJ34,Isle of Wight,2014,3364
ITL3,TLJ34,Isle of Wight,2015,3367
ITL3,TLJ34,Isle of Wight,2016,3278
ITL3,TLJ34,Isle of Wight,2017,3389
ITL3,TLJ34,Isle of Wight,2018,3362
ITL3,TLJ34,Isle of Wight,2019,3459
ITL3,TLJ34,Isle of Wight,2020,3111
ITL3,TLJ34,Isle of Wight,2021,3339
ITL3,TLJ34,Isle of Wight,2022,3534
ITL3,TLJ34,Isle of Wight,2023,3519
ITL3,TLJ35,South Hampshire,1998,9942
ITL3,TLJ35,South Hampshire,1999,9953
ITL3,TLJ35,South Hampshire,2000,10492
ITL3,TLJ35,South Hampshire,2001,10950
ITL3,TLJ35,South Hampshire,2002,11197
ITL3,TLJ35,South Hampshire,2003,11244
ITL3,TLJ35,South Hampshire,2004,11536
ITL3,TLJ35,South Hampshire,2005,11832
ITL3,TLJ35,South Hampshire,2006,12203
ITL3,TLJ35,South Hampshire,2007,12400
ITL3,TLJ35,South Hampshire,2008,12498
ITL3,TLJ35,South Hampshire,2009,11999
ITL3,TLJ35,South Hampshire,2010,12611
ITL3,TLJ35,South Hampshire,2011,12918
ITL3,TLJ35,South Hampshire,2012,13194
ITL3,TLJ35,South Hampshire,2013,13448
ITL3,TLJ35,South Hampshire,2014,13930
ITL3,TLJ35,South Hampshire,2015,13957
ITL3,TLJ35,South Hampshire,2016,14136
ITL3,TLJ35,South Hampshire,2017,14412
ITL3,TLJ35,South Hampshire,2018,13824
ITL3,TLJ35,South Hampshire,2019,13999
ITL3,TLJ35,South Hampshire,2020,12886
ITL3,TLJ35,South Hampshire,2021,13643
ITL3,TLJ35,South Hampshire,2022,13971
ITL3,TLJ35,South Hampshire,2023,13914
ITL3,TLJ36,Central Hampshire,1998,14056
ITL3,TLJ36,Central Hampshire,1999,14143
ITL3,TLJ36,Central Hampshire,2000,14815
ITL3,TLJ36,Central Hampshire,2001,15108
ITL3,TLJ36,Central Hampshire,2002,15209
ITL3,TLJ36,Central Hampshire,2003,15306
ITL3,TLJ36,Central Hampshire,2004,15625
ITL3,TLJ36,Central Hampshire,2005,15983
ITL3,TLJ36,Central Hampshire,2006,16298
ITL3,TLJ36,Central Hampshire,2007,16538
ITL3,TLJ36,Central Hampshire,2008,16532
ITL3,TLJ36,Central Hampshire,2009,16164
ITL3,TLJ36,Central Hampshire,2010,16935
ITL3,TLJ36,Central Hampshire,2011,17111
ITL3,TLJ36,Central Hampshire,2012,17331
ITL3,TLJ36,Central Hampshire,2013,17573
ITL3,TLJ36,Central Hampshire,2014,18262
ITL3,TLJ36,Central Hampshire,2015,19162
ITL3,TLJ36,Central Hampshire,2016,19378
ITL3,TLJ36,Central Hampshire,2017,19926
ITL3,TLJ36,Central Hampshire,2018,20106
ITL3,TLJ36,Central Hampshire,2019,20648
ITL3,TLJ36,Central Hampshire,2020,18577
ITL3,TLJ36,Central Hampshire,2021,20050
ITL3,TLJ36,Central Hampshire,2022,20502
ITL3,TLJ36,Central Hampshire,2023,20258
ITL3,TLJ37,North Hampshire,1998,10543
ITL3,TLJ37,North Hampshire,1999,10724
ITL3,TLJ37,North Hampshire,2000,11588
ITL3,TLJ37,North Hampshire,2001,12119
ITL3,TLJ37,North Hampshire,2002,12636
ITL3,TLJ37,North Hampshire,2003,12773
ITL3,TLJ37,North Hampshire,2004,13197
ITL3,TLJ37,North Hampshire,2005,13680
ITL3,TLJ37,North Hampshire,2006,13805
ITL3,TLJ37,North Hampshire,2007,14597
ITL3,TLJ37,North Hampshire,2008,14817
ITL3,TLJ37,North Hampshire,2009,14544
ITL3,TLJ37,North Hampshire,2010,15434
ITL3,TLJ37,North Hampshire,2011,15766
ITL3,TLJ37,North Hampshire,2012,16004
ITL3,TLJ37,North Hampshire,2013,16577
ITL3,TLJ37,North Hampshire,2014,16666
ITL3,TLJ37,North Hampshire,2015,16930
ITL3,TLJ37,North Hampshire,2016,17264
ITL3,TLJ37,North Hampshire,2017,17697
ITL3,TLJ37,North Hampshire,2018,18543
ITL3,TLJ37,North Hampshire,2019,19882
ITL3,TLJ37,North Hampshire,2020,18537
ITL3,TLJ37,North Hampshire,2021,19475
ITL3,TLJ37,North Hampshire,2022,19718
ITL3,TLJ37,North Hampshire,2023,19725
ITL2,TLJ4,Kent,1998,40523
ITL2,TLJ4,Kent,1999,41588
ITL2,TLJ4,Kent,2000,42267
ITL2,TLJ4,Kent,2001,43149
ITL2,TLJ4,Kent,2002,43599
ITL2,TLJ4,Kent,2003,44680
ITL2,TLJ4,Kent,2004,45843
ITL2,TLJ4,Kent,2005,47174
ITL2,TLJ4,Kent,2006,47175
ITL2,TLJ4,Kent,2007,47491
ITL2,TLJ4,Kent,2008,48560
ITL2,TLJ4,Kent,2009,45506
ITL2,TLJ4,Kent,2010,47572
ITL2,TLJ4,Kent,2011,48403
ITL2,TLJ4,Kent,2012,48752
ITL2,TLJ4,Kent,2013,49513
ITL2,TLJ4,Kent,2014,50548
ITL2,TLJ4,Kent,2015,52439
ITL2,TLJ4,Kent,2016,53710
ITL2,TLJ4,Kent,2017,54569
ITL2,TLJ4,Kent,2018,55341
ITL2,TLJ4,Kent,2019,56655
ITL2,TLJ4,Kent,2020,52301
ITL2,TLJ4,Kent,2021,55512
ITL2,TLJ4,Kent,2022,57207
ITL2,TLJ4,Kent,2023,57255
ITL3,TLJ41,Medway,1998,4973
ITL3,TLJ41,Medway,1999,5096
ITL3,TLJ41,Medway,2000,5146
ITL3,TLJ41,Medway,2001,5400
ITL3,TLJ41,Medway,2002,5536
ITL3,TLJ41,Medway,2003,5721
ITL3,TLJ41,Medway,2004,5854
ITL3,TLJ41,Medway,2005,6024
ITL3,TLJ41,Medway,2006,6161
ITL3,TLJ41,Medway,2007,6213
ITL3,TLJ41,Medway,2008,6314
ITL3,TLJ41,Medway,2009,6016
ITL3,TLJ41,Medway,2010,6253
ITL3,TLJ41,Medway,2011,6355
ITL3,TLJ41,Medway,2012,6494
ITL3,TLJ41,Medway,2013,6627
ITL3,TLJ41,Medway,2014,6623
ITL3,TLJ41,Medway,2015,6782
ITL3,TLJ41,Medway,2016,6962
ITL3,TLJ41,Medway,2017,7194
ITL3,TLJ41,Medway,2018,7235
ITL3,TLJ41,Medway,2019,7507
ITL3,TLJ41,Medway,2020,7140
ITL3,TLJ41,Medway,2021,7334
ITL3,TLJ41,Medway,2022,7748
ITL3,TLJ41,Medway,2023,7927
ITL3,TLJ43,Kent Thames Gateway,1998,8070
ITL3,TLJ43,Kent Thames Gateway,1999,8258
ITL3,TLJ43,Kent Thames Gateway,2000,8238
ITL3,TLJ43,Kent Thames Gateway,2001,8548
ITL3,TLJ43,Kent Thames Gateway,2002,8843
ITL3,TLJ43,Kent Thames Gateway,2003,9135
ITL3,TLJ43,Kent Thames Gateway,2004,9257
ITL3,TLJ43,Kent Thames Gateway,2005,9275
ITL3,TLJ43,Kent Thames Gateway,2006,9248
ITL3,TLJ43,Kent Thames Gateway,2007,9302
ITL3,TLJ43,Kent Thames Gateway,2008,9478
ITL3,TLJ43,Kent Thames Gateway,2009,8655
ITL3,TLJ43,Kent Thames Gateway,2010,9008
ITL3,TLJ43,Kent Thames Gateway,2011,9159
ITL3,TLJ43,Kent Thames Gateway,2012,9313
ITL3,TLJ43,Kent Thames Gateway,2013,9542
ITL3,TLJ43,Kent Thames Gateway,2014,9959
ITL3,TLJ43,Kent Thames Gateway,2015,10430
ITL3,TLJ43,Kent Thames Gateway,2016,10907
ITL3,TLJ43,Kent Thames Gateway,2017,10616
ITL3,TLJ43,Kent Thames Gateway,2018,10736
ITL3,TLJ43,Kent Thames Gateway,2019,11116
ITL3,TLJ43,Kent Thames Gateway,2020,10289
ITL3,TLJ43,Kent Thames Gateway,2021,11134
ITL3,TLJ43,Kent Thames Gateway,2022,10874
ITL3,TLJ43,Kent Thames Gateway,2023,10858
ITL3,TLJ44,East Kent,1998,10421
ITL3,TLJ44,East Kent,1999,10806
ITL3,TLJ44,East Kent,2000,11078
ITL3,TLJ44,East Kent,2001,11198
ITL3,TLJ44,East Kent,2002,11079
ITL3,TLJ44,East Kent,2003,11388
ITL3,TLJ44,East Kent,2004,11896
ITL3,TLJ44,East Kent,2005,12217
ITL3,TLJ44,East Kent,2006,11973
ITL3,TLJ44,East Kent,2007,11899
ITL3,TLJ44,East Kent,2008,12358
ITL3,TLJ44,East Kent,2009,11513
ITL3,TLJ44,East Kent,2010,11996
ITL3,TLJ44,East Kent,2011,12257
ITL3,TLJ44,East Kent,2012,12179
ITL3,TLJ44,East Kent,2013,12305
ITL3,TLJ44,East Kent,2014,12461
ITL3,TLJ44,East Kent,2015,12705
ITL3,TLJ44,East Kent,2016,12672
ITL3,TLJ44,East Kent,2017,13077
ITL3,TLJ44,East Kent,2018,13193
ITL3,TLJ44,East Kent,2019,13143
ITL3,TLJ44,East Kent,2020,11762
ITL3,TLJ44,East Kent,2021,12618
ITL3,TLJ44,East Kent,2022,13575
ITL3,TLJ44,East Kent,2023,13607
ITL3,TLJ45,Mid Kent,1998,6753
ITL3,TLJ45,Mid Kent,1999,6878
ITL3,TLJ45,Mid Kent,2000,6986
ITL3,TLJ45,Mid Kent,2001,7159
ITL3,TLJ45,Mid Kent,2002,7251
ITL3,TLJ45,Mid Kent,2003,7413
ITL3,TLJ45,Mid Kent,2004,7635
ITL3,TLJ45,Mid Kent,2005,7828
ITL3,TLJ45,Mid Kent,2006,8000
ITL3,TLJ45,Mid Kent,2007,8118
ITL3,TLJ45,Mid Kent,2008,8264
ITL3,TLJ45,Mid Kent,2009,7768
ITL3,TLJ45,Mid Kent,2010,8038
ITL3,TLJ45,Mid Kent,2011,8164
ITL3,TLJ45,Mid Kent,2012,8242
ITL3,TLJ45,Mid Kent,2013,8338
ITL3,TLJ45,Mid Kent,2014,8671
ITL3,TLJ45,Mid Kent,2015,8935
ITL3,TLJ45,Mid Kent,2016,8999
ITL3,TLJ45,Mid Kent,2017,9110
ITL3,TLJ45,Mid Kent,2018,9297
ITL3,TLJ45,Mid Kent,2019,9735
ITL3,TLJ45,Mid Kent,2020,8870
ITL3,TLJ45,Mid Kent,2021,9413
ITL3,TLJ45,Mid Kent,2022,9848
ITL3,TLJ45,Mid Kent,2023,9912
ITL3,TLJ46,West Kent,1998,10398
ITL3,TLJ46,West Kent,1999,10669
ITL3,TLJ46,West Kent,2000,10862
ITL3,TLJ46,West Kent,2001,10934
ITL3,TLJ46,West Kent,2002,10991
ITL3,TLJ46,West Kent,2003,11142
ITL3,TLJ46,West Kent,2004,11361
ITL3,TLJ46,West Kent,2005,11905
ITL3,TLJ46,West Kent,2006,11898
ITL3,TLJ46,West Kent,2007,12079
ITL3,TLJ46,West Kent,2008,12236
ITL3,TLJ46,West Kent,2009,11664
ITL3,TLJ46,West Kent,2010,12322
ITL3,TLJ46,West Kent,2011,12524
ITL3,TLJ46,West Kent,2012,12652
ITL3,TLJ46,West Kent,2013,12902
ITL3,TLJ46,West Kent,2014,12954
ITL3,TLJ46,West Kent,2015,13659
ITL3,TLJ46,West Kent,2016,14189
ITL3,TLJ46,West Kent,2017,14619
ITL3,TLJ46,West Kent,2018,14992
ITL3,TLJ46,West Kent,2019,15279
ITL3,TLJ46,West Kent,2020,14324
ITL3,TLJ46,West Kent,2021,15060
ITL3,TLJ46,West Kent,2022,15162
ITL3,TLJ46,West Kent,2023,15027
ITL1,TLK,South West,1998,128386
ITL1,TLK,South West,1999,132688
ITL1,TLK,South West,2000,137418
ITL1,TLK,South West,2001,142299
ITL1,TLK,South West,2002,144796
ITL1,TLK,South West,2003,148418
ITL1,TLK,South West,2004,152081
ITL1,TLK,South West,2005,154807
ITL1,TLK,South West,2006,157352
ITL1,TLK,South West,2007,160166
ITL1,TLK,South West,2008,161158
ITL1,TLK,South West,2009,154395
ITL1,TLK,South West,2010,159605
ITL1,TLK,South West,2011,160124
ITL1,TLK,South West,2012,161881
ITL1,TLK,South West,2013,163332
ITL1,TLK,South West,2014,169608
ITL1,TLK,South West,2015,170908
ITL1,TLK,South West,2016,173450
ITL1,TLK,South West,2017,179669
ITL1,TLK,South West,2018,181550
ITL1,TLK,South West,2019,185145
ITL1,TLK,South West,2020,166526
ITL1,TLK,South West,2021,185928
ITL1,TLK,South West,2022,192636
ITL1,TLK,South West,2023,193031
ITL2,TLK3,Cornwall and Isles of Scilly,1998,10068
ITL2,TLK3,Cornwall and Isles of Scilly,1999,10224
ITL2,TLK3,Cornwall and Isles of Scilly,2000,10579
ITL2,TLK3,Cornwall and Isles of Scilly,2001,10936
ITL2,TLK3,Cornwall and Isles of Scilly,2002,11440
ITL2,TLK3,Cornwall and Isles of Scilly,2003,11967
ITL2,TLK3,Cornwall and Isles of Scilly,2004,12081
ITL2,TLK3,Cornwall and Isles of Scilly,2005,12538
ITL2,TLK3,Cornwall and Isles of Scilly,2006,12949
ITL2,TLK3,Cornwall and Isles of Scilly,2007,12738
ITL2,TLK3,Cornwall and Isles of Scilly,2008,12823
ITL2,TLK3,Cornwall and Isles of Scilly,2009,12141
ITL2,TLK3,Cornwall and Isles of Scilly,2010,12244
ITL2,TLK3,Cornwall and Isles of Scilly,2011,12508
ITL2,TLK3,Cornwall and Isles of Scilly,2012,12707
ITL2,TLK3,Cornwall and Isles of Scilly,2013,12981
ITL2,TLK3,Cornwall and Isles of Scilly,2014,13246
ITL2,TLK3,Cornwall and Isles of Scilly,2015,13230
ITL2,TLK3,Cornwall and Isles of Scilly,2016,13668
ITL2,TLK3,Cornwall and Isles of Scilly,2017,14498
ITL2,TLK3,Cornwall and Isles of Scilly,2018,14754
ITL2,TLK3,Cornwall and Isles of Scilly,2019,15032
ITL2,TLK3,Cornwall and Isles of Scilly,2020,13136
ITL2,TLK3,Cornwall and Isles of Scilly,2021,15104
ITL2,TLK3,Cornwall and Isles of Scilly,2022,15737
ITL2,TLK3,Cornwall and Isles of Scilly,2023,15517
ITL3,TLK30,Cornwall and Isles of Scilly,1998,10005
ITL3,TLK30,Cornwall and Isles of Scilly,1999,10177
ITL3,TLK30,Cornwall and Isles of Scilly,2000,10531
ITL3,TLK30,Cornwall and Isles of Scilly,2001,10872
ITL3,TLK30,Cornwall and Isles of Scilly,2002,11375
ITL3,TLK30,Cornwall and Isles of Scilly,2003,11902
ITL3,TLK30,Cornwall and Isles of Scilly,2004,12017
ITL3,TLK30,Cornwall and Isles of Scilly,2005,12489
ITL3,TLK30,Cornwall and Isles of Scilly,2006,12900
ITL3,TLK30,Cornwall and Isles of Scilly,2007,12692
ITL3,TLK30,Cornwall and Isles of Scilly,2008,12793
ITL3,TLK30,Cornwall and Isles of Scilly,2009,12086
ITL3,TLK30,Cornwall and Isles of Scilly,2010,12245
ITL3,TLK30,Cornwall and Isles of Scilly,2011,12523
ITL3,TLK30,Cornwall and Isles of Scilly,2012,12735
ITL3,TLK30,Cornwall and Isles of Scilly,2013,13010
ITL3,TLK30,Cornwall and Isles of Scilly,2014,13233
ITL3,TLK30,Cornwall and Isles of Scilly,2015,13230
ITL3,TLK30,Cornwall and Isles of Scilly,2016,13668
ITL3,TLK30,Cornwall and Isles of Scilly,2017,14499
ITL3,TLK30,Cornwall and Isles of Scilly,2018,14741
ITL3,TLK30,Cornwall and Isles of Scilly,2019,15033
ITL3,TLK30,Cornwall and Isles of Scilly,2020,13112
ITL3,TLK30,Cornwall and Isles of Scilly,2021,15077
ITL3,TLK30,Cornwall and Isles of Scilly,2022,15737
ITL3,TLK30,Cornwall and Isles of Scilly,2023,15517
ITL2,TLK4,Devon,1998,23984
ITL2,TLK4,Devon,1999,24770
ITL2,TLK4,Devon,2000,25083
ITL2,TLK4,Devon,2001,25858
ITL2,TLK4,Devon,2002,26416
ITL2,TLK4,Devon,2003,27111
ITL2,TLK4,Devon,2004,28565
ITL2,TLK4,Devon,2005,28843
ITL2,TLK4,Devon,2006,29674
ITL2,TLK4,Devon,2007,29135
ITL2,TLK4,Devon,2008,28932
ITL2,TLK4,Devon,2009,27876
ITL2,TLK4,Devon,2010,28976
ITL2,TLK4,Devon,2011,29160
ITL2,TLK4,Devon,2012,29417
ITL2,TLK4,Devon,2013,30039
ITL2,TLK4,Devon,2014,30680
ITL2,TLK4,Devon,2015,31246
ITL2,TLK4,Devon,2016,31653
ITL2,TLK4,Devon,2017,32632
ITL2,TLK4,Devon,2018,32652
ITL2,TLK4,Devon,2019,33046
ITL2,TLK4,Devon,2020,28812
ITL2,TLK4,Devon,2021,33812
ITL2,TLK4,Devon,2022,35209
ITL2,TLK4,Devon,2023,34985
ITL3,TLK41,Plymouth,1998,5513
ITL3,TLK41,Plymouth,1999,5714
ITL3,TLK41,Plymouth,2000,5716
ITL3,TLK41,Plymouth,2001,5966
ITL3,TLK41,Plymouth,2002,6027
ITL3,TLK41,Plymouth,2003,6210
ITL3,TLK41,Plymouth,2004,6627
ITL3,TLK41,Plymouth,2005,6592
ITL3,TLK41,Plymouth,2006,6855
ITL3,TLK41,Plymouth,2007,6727
ITL3,TLK41,Plymouth,2008,6723
ITL3,TLK41,Plymouth,2009,6448
ITL3,TLK41,Plymouth,2010,6643
ITL3,TLK41,Plymouth,2011,6820
ITL3,TLK41,Plymouth,2012,6812
ITL3,TLK41,Plymouth,2013,6880
ITL3,TLK41,Plymouth,2014,6976
ITL3,TLK41,Plymouth,2015,7063
ITL3,TLK41,Plymouth,2016,7199
ITL3,TLK41,Plymouth,2017,7305
ITL3,TLK41,Plymouth,2018,7379
ITL3,TLK41,Plymouth,2019,7404
ITL3,TLK41,Plymouth,2020,6381
ITL3,TLK41,Plymouth,2021,7457
ITL3,TLK41,Plymouth,2022,7662
ITL3,TLK41,Plymouth,2023,7618
ITL3,TLK42,Torbay,1998,2555
ITL3,TLK42,Torbay,1999,2617
ITL3,TLK42,Torbay,2000,2633
ITL3,TLK42,Torbay,2001,2689
ITL3,TLK42,Torbay,2002,2695
ITL3,TLK42,Torbay,2003,2733
ITL3,TLK42,Torbay,2004,2937
ITL3,TLK42,Torbay,2005,2956
ITL3,TLK42,Torbay,2006,3018
ITL3,TLK42,Torbay,2007,2958
ITL3,TLK42,Torbay,2008,2899
ITL3,TLK42,Torbay,2009,2747
ITL3,TLK42,Torbay,2010,2823
ITL3,TLK42,Torbay,2011,2793
ITL3,TLK42,Torbay,2012,2777
ITL3,TLK42,Torbay,2013,2834
ITL3,TLK42,Torbay,2014,2812
ITL3,TLK42,Torbay,2015,2772
ITL3,TLK42,Torbay,2016,2747
ITL3,TLK42,Torbay,2017,2730
ITL3,TLK42,Torbay,2018,2636
ITL3,TLK42,Torbay,2019,2668
ITL3,TLK42,Torbay,2020,2274
ITL3,TLK42,Torbay,2021,2723
ITL3,TLK42,Torbay,2022,2798
ITL3,TLK42,Torbay,2023,2783
ITL3,TLK43,Devon CC,1998,16040
ITL3,TLK43,Devon CC,1999,16563
ITL3,TLK43,Devon CC,2000,16888
ITL3,TLK43,Devon CC,2001,17386
ITL3,TLK43,Devon CC,2002,17846
ITL3,TLK43,Devon CC,2003,18327
ITL3,TLK43,Devon CC,2004,19179
ITL3,TLK43,Devon CC,2005,19439
ITL3,TLK43,Devon CC,2006,19979
ITL3,TLK43,Devon CC,2007,19670
ITL3,TLK43,Devon CC,2008,19560
ITL3,TLK43,Devon CC,2009,18846
ITL3,TLK43,Devon CC,2010,19708
ITL3,TLK43,Devon CC,2011,19932
ITL3,TLK43,Devon CC,2012,20113
ITL3,TLK43,Devon CC,2013,20595
ITL3,TLK43,Devon CC,2014,21151
ITL3,TLK43,Devon CC,2015,21701
ITL3,TLK43,Devon CC,2016,21871
ITL3,TLK43,Devon CC,2017,22724
ITL3,TLK43,Devon CC,2018,22778
ITL3,TLK43,Devon CC,2019,23079
ITL3,TLK43,Devon CC,2020,20213
ITL3,TLK43,Devon CC,2021,23727
ITL3,TLK43,Devon CC,2022,24750
ITL3,TLK43,Devon CC,2023,24592
ITL2,TLK5,West of England,1998,24462
ITL2,TLK5,West of England,1999,25277
ITL2,TLK5,West of England,2000,26671
ITL2,TLK5,West of England,2001,28126
ITL2,TLK5,West of England,2002,28815
ITL2,TLK5,West of England,2003,29558
ITL2,TLK5,West of England,2004,30337
ITL2,TLK5,West of England,2005,30645
ITL2,TLK5,West of England,2006,31071
ITL2,TLK5,West of England,2007,32589
ITL2,TLK5,West of England,2008,33156
ITL2,TLK5,West of England,2009,32008
ITL2,TLK5,West of England,2010,33408
ITL2,TLK5,West of England,2011,33585
ITL2,TLK5,West of England,2012,34591
ITL2,TLK5,West of England,2013,34440
ITL2,TLK5,West of England,2014,36010
ITL2,TLK5,West of England,2015,36503
ITL2,TLK5,West of England,2016,37632
ITL2,TLK5,West of England,2017,38873
ITL2,TLK5,West of England,2018,38703
ITL2,TLK5,West of England,2019,39819
ITL2,TLK5,West of England,2020,36404
ITL2,TLK5,West of England,2021,41075
ITL2,TLK5,West of England,2022,42590
ITL2,TLK5,West of England,2023,43813
ITL3,TLK51,"Bristol, City of",1998,12892
ITL3,TLK51,"Bristol, City of",1999,13117
ITL3,TLK51,"Bristol, City of",2000,13627
ITL3,TLK51,"Bristol, City of",2001,14354
ITL3,TLK51,"Bristol, City of",2002,14502
ITL3,TLK51,"Bristol, City of",2003,14737
ITL3,TLK51,"Bristol, City of",2004,15172
ITL3,TLK51,"Bristol, City of",2005,15166
ITL3,TLK51,"Bristol, City of",2006,15367
ITL3,TLK51,"Bristol, City of",2007,16170
ITL3,TLK51,"Bristol, City of",2008,16455
ITL3,TLK51,"Bristol, City of",2009,16046
ITL3,TLK51,"Bristol, City of",2010,16637
ITL3,TLK51,"Bristol, City of",2011,16515
ITL3,TLK51,"Bristol, City of",2012,17024
ITL3,TLK51,"Bristol, City of",2013,16973
ITL3,TLK51,"Bristol, City of",2014,17386
ITL3,TLK51,"Bristol, City of",2015,17880
ITL3,TLK51,"Bristol, City of",2016,18649
ITL3,TLK51,"Bristol, City of",2017,19553
ITL3,TLK51,"Bristol, City of",2018,18964
ITL3,TLK51,"Bristol, City of",2019,19444
ITL3,TLK51,"Bristol, City of",2020,17282
ITL3,TLK51,"Bristol, City of",2021,19995
ITL3,TLK51,"Bristol, City of",2022,20651
ITL3,TLK51,"Bristol, City of",2023,21084
ITL3,TLK52,Bath & North East Somerset and South Gloucestershire,1998,11710
ITL3,TLK52,Bath & North East Somerset and South Gloucestershire,1999,12253
ITL3,TLK52,Bath & North East Somerset and South Gloucestershire,2000,13114
ITL3,TLK52,Bath & North East Somerset and South Gloucestershire,2001,13859
ITL3,TLK52,Bath & North East Somerset and South Gloucestershire,2002,14349
ITL3,TLK52,Bath & North East Somerset and South Gloucestershire,2003,14858
ITL3,TLK52,Bath & North East Somerset and South Gloucestershire,2004,15207
ITL3,TLK52,Bath & North East Somerset and South Gloucestershire,2005,15520
ITL3,TLK52,Bath & North East Somerset and South Gloucestershire,2006,15725
ITL3,TLK52,Bath & North East Somerset and South Gloucestershire,2007,16427
ITL3,TLK52,Bath & North East Somerset and South Gloucestershire,2008,16725
ITL3,TLK52,Bath & North East Somerset and South Gloucestershire,2009,15977
ITL3,TLK52,Bath & North East Somerset and South Gloucestershire,2010,16815
ITL3,TLK52,Bath & North East Somerset and South Gloucestershire,2011,17105
ITL3,TLK52,Bath & North East Somerset and South Gloucestershire,2012,17600
ITL3,TLK52,Bath & North East Somerset and South Gloucestershire,2013,17480
ITL3,TLK52,Bath & North East Somerset and South Gloucestershire,2014,18630
ITL3,TLK52,Bath & North East Somerset and South Gloucestershire,2015,18639
ITL3,TLK52,Bath & North East Somerset and South Gloucestershire,2016,19002
ITL3,TLK52,Bath & North East Somerset and South Gloucestershire,2017,19323
ITL3,TLK52,Bath & North East Somerset and South Gloucestershire,2018,19757
ITL3,TLK52,Bath & North East Somerset and South Gloucestershire,2019,20373
ITL3,TLK52,Bath & North East Somerset and South Gloucestershire,2020,19156
ITL3,TLK52,Bath & North East Somerset and South Gloucestershire,2021,21088
ITL3,TLK52,Bath & North East Somerset and South Gloucestershire,2022,21939
ITL3,TLK52,Bath & North East Somerset and South Gloucestershire,2023,22716
ITL2,TLK6,"North Somerset, Somerset and Dorset",1998,34578
ITL2,TLK6,"North Somerset, Somerset and Dorset",1999,35891
ITL2,TLK6,"North Somerset, Somerset and Dorset",2000,37095
ITL2,TLK6,"North Somerset, Somerset and Dorset",2001,37308
ITL2,TLK6,"North Somerset, Somerset and Dorset",2002,37630
ITL2,TLK6,"North Somerset, Somerset and Dorset",2003,38242
ITL2,TLK6,"North Somerset, Somerset and Dorset",2004,39084
ITL2,TLK6,"North Somerset, Somerset and Dorset",2005,40021
ITL2,TLK6,"North Somerset, Somerset and Dorset",2006,40714
ITL2,TLK6,"North Somerset, Somerset and Dorset",2007,40619
ITL2,TLK6,"North Somerset, Somerset and Dorset",2008,40970
ITL2,TLK6,"North Somerset, Somerset and Dorset",2009,39159
ITL2,TLK6,"North Somerset, Somerset and Dorset",2010,39698
ITL2,TLK6,"North Somerset, Somerset and Dorset",2011,39838
ITL2,TLK6,"North Somerset, Somerset and Dorset",2012,39895
ITL2,TLK6,"North Somerset, Somerset and Dorset",2013,40445
ITL2,TLK6,"North Somerset, Somerset and Dorset",2014,41826
ITL2,TLK6,"North Somerset, Somerset and Dorset",2015,41879
ITL2,TLK6,"North Somerset, Somerset and Dorset",2016,42592
ITL2,TLK6,"North Somerset, Somerset and Dorset",2017,44401
ITL2,TLK6,"North Somerset, Somerset and Dorset",2018,44985
ITL2,TLK6,"North Somerset, Somerset and Dorset",2019,45756
ITL2,TLK6,"North Somerset, Somerset and Dorset",2020,41802
ITL2,TLK6,"North Somerset, Somerset and Dorset",2021,45184
ITL2,TLK6,"North Somerset, Somerset and Dorset",2022,46842
ITL2,TLK6,"North Somerset, Somerset and Dorset",2023,47184
ITL3,TLK61,North Somerset,1998,4132
ITL3,TLK61,North Somerset,1999,4213
ITL3,TLK61,North Somerset,2000,4321
ITL3,TLK61,North Somerset,2001,4426
ITL3,TLK61,North Somerset,2002,4487
ITL3,TLK61,North Somerset,2003,4573
ITL3,TLK61,North Somerset,2004,4726
ITL3,TLK61,North Somerset,2005,4726
ITL3,TLK61,North Somerset,2006,4820
ITL3,TLK61,North Somerset,2007,4864
ITL3,TLK61,North Somerset,2008,4827
ITL3,TLK61,North Somerset,2009,4594
ITL3,TLK61,North Somerset,2010,4717
ITL3,TLK61,North Somerset,2011,4745
ITL3,TLK61,North Somerset,2012,4834
ITL3,TLK61,North Somerset,2013,4990
ITL3,TLK61,North Somerset,2014,5175
ITL3,TLK61,North Somerset,2015,5178
ITL3,TLK61,North Somerset,2016,5369
ITL3,TLK61,North Somerset,2017,5362
ITL3,TLK61,North Somerset,2018,5473
ITL3,TLK61,North Somerset,2019,5568
ITL3,TLK61,North Somerset,2020,5079
ITL3,TLK61,North Somerset,2021,5710
ITL3,TLK61,North Somerset,2022,6018
ITL3,TLK61,North Somerset,2023,6183
ITL3,TLK62,Somerset,1998,11767
ITL3,TLK62,Somerset,1999,12300
ITL3,TLK62,Somerset,2000,12812
ITL3,TLK62,Somerset,2001,12860
ITL3,TLK62,Somerset,2002,13037
ITL3,TLK62,Somerset,2003,13275
ITL3,TLK62,Somerset,2004,13674
ITL3,TLK62,Somerset,2005,14081
ITL3,TLK62,Somerset,2006,14469
ITL3,TLK62,Somerset,2007,14194
ITL3,TLK62,Somerset,2008,14212
ITL3,TLK62,Somerset,2009,13627
ITL3,TLK62,Somerset,2010,13807
ITL3,TLK62,Somerset,2011,13980
ITL3,TLK62,Somerset,2012,13883
ITL3,TLK62,Somerset,2013,13828
ITL3,TLK62,Somerset,2014,14528
ITL3,TLK62,Somerset,2015,14515
ITL3,TLK62,Somerset,2016,14564
ITL3,TLK62,Somerset,2017,15356
ITL3,TLK62,Somerset,2018,15694
ITL3,TLK62,Somerset,2019,15854
ITL3,TLK62,Somerset,2020,14630
ITL3,TLK62,Somerset,2021,15510
ITL3,TLK62,Somerset,2022,16064
ITL3,TLK62,Somerset,2023,16469
ITL3,TLK63,"Bournemouth, Christchurch and Poole",1998,9612
ITL3,TLK63,"Bournemouth, Christchurch and Poole",1999,9976
ITL3,TLK63,"Bournemouth, Christchurch and Poole",2000,10393
ITL3,TLK63,"Bournemouth, Christchurch and Poole",2001,10575
ITL3,TLK63,"Bournemouth, Christchurch and Poole",2002,10559
ITL3,TLK63,"Bournemouth, Christchurch and Poole",2003,10907
ITL3,TLK63,"Bournemouth, Christchurch and Poole",2004,11101
ITL3,TLK63,"Bournemouth, Christchurch and Poole",2005,11443
ITL3,TLK63,"Bournemouth, Christchurch and Poole",2006,11607
ITL3,TLK63,"Bournemouth, Christchurch and Poole",2007,11895
ITL3,TLK63,"Bournemouth, Christchurch and Poole",2008,12109
ITL3,TLK63,"Bournemouth, Christchurch and Poole",2009,11492
ITL3,TLK63,"Bournemouth, Christchurch and Poole",2010,11587
ITL3,TLK63,"Bournemouth, Christchurch and Poole",2011,11626
ITL3,TLK63,"Bournemouth, Christchurch and Poole",2012,11638
ITL3,TLK63,"Bournemouth, Christchurch and Poole",2013,12015
ITL3,TLK63,"Bournemouth, Christchurch and Poole",2014,12178
ITL3,TLK63,"Bournemouth, Christchurch and Poole",2015,12253
ITL3,TLK63,"Bournemouth, Christchurch and Poole",2016,12709
ITL3,TLK63,"Bournemouth, Christchurch and Poole",2017,13543
ITL3,TLK63,"Bournemouth, Christchurch and Poole",2018,13317
ITL3,TLK63,"Bournemouth, Christchurch and Poole",2019,13605
ITL3,TLK63,"Bournemouth, Christchurch and Poole",2020,12285
ITL3,TLK63,"Bournemouth, Christchurch and Poole",2021,13396
ITL3,TLK63,"Bournemouth, Christchurch and Poole",2022,13798
ITL3,TLK63,"Bournemouth, Christchurch and Poole",2023,13890
ITL3,TLK64,Dorset,1998,9153
ITL3,TLK64,Dorset,1999,9492
ITL3,TLK64,Dorset,2000,9660
ITL3,TLK64,Dorset,2001,9503
ITL3,TLK64,Dorset,2002,9571
ITL3,TLK64,Dorset,2003,9532
ITL3,TLK64,Dorset,2004,9615
ITL3,TLK64,Dorset,2005,9783
ITL3,TLK64,Dorset,2006,9872
ITL3,TLK64,Dorset,2007,9699
ITL3,TLK64,Dorset,2008,9836
ITL3,TLK64,Dorset,2009,9457
ITL3,TLK64,Dorset,2010,9616
ITL3,TLK64,Dorset,2011,9527
ITL3,TLK64,Dorset,2012,9573
ITL3,TLK64,Dorset,2013,9624
ITL3,TLK64,Dorset,2014,9960
ITL3,TLK64,Dorset,2015,9940
ITL3,TLK64,Dorset,2016,9930
ITL3,TLK64,Dorset,2017,10186
ITL3,TLK64,Dorset,2018,10527
ITL3,TLK64,Dorset,2019,10741
ITL3,TLK64,Dorset,2020,9837
ITL3,TLK64,Dorset,2021,10580
ITL3,TLK64,Dorset,2022,10962
ITL3,TLK64,Dorset,2023,10653
ITL2,TLK7,Gloucestershire and Wiltshire,1998,34294
ITL2,TLK7,Gloucestershire and Wiltshire,1999,35513
ITL2,TLK7,Gloucestershire and Wiltshire,2000,36977
ITL2,TLK7,Gloucestershire and Wiltshire,2001,39138
ITL2,TLK7,Gloucestershire and Wiltshire,2002,39588
ITL2,TLK7,Gloucestershire and Wiltshire,2003,40463
ITL2,TLK7,Gloucestershire and Wiltshire,2004,40985
ITL2,TLK7,Gloucestershire and Wiltshire,2005,41770
ITL2,TLK7,Gloucestershire and Wiltshire,2006,41962
ITL2,TLK7,Gloucestershire and Wiltshire,2007,44067
ITL2,TLK7,Gloucestershire and Wiltshire,2008,44419
ITL2,TLK7,Gloucestershire and Wiltshire,2009,42455
ITL2,TLK7,Gloucestershire and Wiltshire,2010,44494
ITL2,TLK7,Gloucestershire and Wiltshire,2011,44283
ITL2,TLK7,Gloucestershire and Wiltshire,2012,44628
ITL2,TLK7,Gloucestershire and Wiltshire,2013,45087
ITL2,TLK7,Gloucestershire and Wiltshire,2014,47293
ITL2,TLK7,Gloucestershire and Wiltshire,2015,47649
ITL2,TLK7,Gloucestershire and Wiltshire,2016,47692
ITL2,TLK7,Gloucestershire and Wiltshire,2017,49174
ITL2,TLK7,Gloucestershire and Wiltshire,2018,50247
ITL2,TLK7,Gloucestershire and Wiltshire,2019,51407
ITL2,TLK7,Gloucestershire and Wiltshire,2020,46335
ITL2,TLK7,Gloucestershire and Wiltshire,2021,50505
ITL2,TLK7,Gloucestershire and Wiltshire,2022,52258
ITL2,TLK7,Gloucestershire and Wiltshire,2023,51614
ITL3,TLK71,Swindon,1998,7516
ITL3,TLK71,Swindon,1999,7901
ITL3,TLK71,Swindon,2000,8163
ITL3,TLK71,Swindon,2001,9050
ITL3,TLK71,Swindon,2002,9216
ITL3,TLK71,Swindon,2003,9732
ITL3,TLK71,Swindon,2004,9848
ITL3,TLK71,Swindon,2005,9982
ITL3,TLK71,Swindon,2006,10417
ITL3,TLK71,Swindon,2007,11107
ITL3,TLK71,Swindon,2008,11334
ITL3,TLK71,Swindon,2009,10646
ITL3,TLK71,Swindon,2010,10770
ITL3,TLK71,Swindon,2011,10627
ITL3,TLK71,Swindon,2012,10442
ITL3,TLK71,Swindon,2013,10539
ITL3,TLK71,Swindon,2014,11283
ITL3,TLK71,Swindon,2015,11797
ITL3,TLK71,Swindon,2016,11644
ITL3,TLK71,Swindon,2017,11737
ITL3,TLK71,Swindon,2018,12366
ITL3,TLK71,Swindon,2019,12444
ITL3,TLK71,Swindon,2020,10986
ITL3,TLK71,Swindon,2021,11629
ITL3,TLK71,Swindon,2022,12878
ITL3,TLK71,Swindon,2023,12563
ITL3,TLK72,Wiltshire,1998,10787
ITL3,TLK72,Wiltshire,1999,11160
ITL3,TLK72,Wiltshire,2000,11603
ITL3,TLK72,Wiltshire,2001,12211
ITL3,TLK72,Wiltshire,2002,12367
ITL3,TLK72,Wiltshire,2003,12517
ITL3,TLK72,Wiltshire,2004,12740
ITL3,TLK72,Wiltshire,2005,12831
ITL3,TLK72,Wiltshire,2006,12828
ITL3,TLK72,Wiltshire,2007,13263
ITL3,TLK72,Wiltshire,2008,13396
ITL3,TLK72,Wiltshire,2009,12869
ITL3,TLK72,Wiltshire,2010,13620
ITL3,TLK72,Wiltshire,2011,13841
ITL3,TLK72,Wiltshire,2012,14192
ITL3,TLK72,Wiltshire,2013,14276
ITL3,TLK72,Wiltshire,2014,14959
ITL3,TLK72,Wiltshire,2015,14758
ITL3,TLK72,Wiltshire,2016,14856
ITL3,TLK72,Wiltshire,2017,15048
ITL3,TLK72,Wiltshire,2018,15228
ITL3,TLK72,Wiltshire,2019,15462
ITL3,TLK72,Wiltshire,2020,14018
ITL3,TLK72,Wiltshire,2021,15569
ITL3,TLK72,Wiltshire,2022,16111
ITL3,TLK72,Wiltshire,2023,16115
ITL3,TLK73,Gloucestershire CC,1998,15887
ITL3,TLK73,Gloucestershire CC,1999,16387
ITL3,TLK73,Gloucestershire CC,2000,17096
ITL3,TLK73,Gloucestershire CC,2001,17819
ITL3,TLK73,Gloucestershire CC,2002,17927
ITL3,TLK73,Gloucestershire CC,2003,18209
ITL3,TLK73,Gloucestershire CC,2004,18415
ITL3,TLK73,Gloucestershire CC,2005,18927
ITL3,TLK73,Gloucestershire CC,2006,18754
ITL3,TLK73,Gloucestershire CC,2007,19745
ITL3,TLK73,Gloucestershire CC,2008,19768
ITL3,TLK73,Gloucestershire CC,2009,18941
ITL3,TLK73,Gloucestershire CC,2010,20114
ITL3,TLK73,Gloucestershire CC,2011,19842
ITL3,TLK73,Gloucestershire CC,2012,19980
ITL3,TLK73,Gloucestershire CC,2013,20268
ITL3,TLK73,Gloucestershire CC,2014,21026
ITL3,TLK73,Gloucestershire CC,2015,21120
ITL3,TLK73,Gloucestershire CC,2016,21172
ITL3,TLK73,Gloucestershire CC,2017,22368
ITL3,TLK73,Gloucestershire CC,2018,22672
ITL3,TLK73,Gloucestershire CC,2019,23482
ITL3,TLK73,Gloucestershire CC,2020,21323
ITL3,TLK73,Gloucestershire CC,2021,23315
ITL3,TLK73,Gloucestershire CC,2022,23269
ITL3,TLK73,Gloucestershire CC,2023,22948
ITL1,TLL,Wales,1998,60987
ITL1,TLL,Wales,1999,62142
ITL1,TLL,Wales,2000,64597
ITL1,TLL,Wales,2001,66404
ITL1,TLL,Wales,2002,67711
ITL1,TLL,Wales,2003,70149
ITL1,TLL,Wales,2004,72250
ITL1,TLL,Wales,2005,73243
ITL1,TLL,Wales,2006,75606
ITL1,TLL,Wales,2007,76234
ITL1,TLL,Wales,2008,74342
ITL1,TLL,Wales,2009,71889
ITL1,TLL,Wales,2010,72829
ITL1,TLL,Wales,2011,74627
ITL1,TLL,Wales,2012,75682
ITL1,TLL,Wales,2013,77071
ITL1,TLL,Wales,2014,78219
ITL1,TLL,Wales,2015,80126
ITL1,TLL,Wales,2016,81999
ITL1,TLL,Wales,2017,83584
ITL1,TLL,Wales,2018,85767
ITL1,TLL,Wales,2019,87108
ITL1,TLL,Wales,2020,78310
ITL1,TLL,Wales,2021,83144
ITL1,TLL,Wales,2022,85996
ITL1,TLL,Wales,2023,86484
ITL2,TLL3,North Wales,1998,13915
ITL2,TLL3,North Wales,1999,14040
ITL2,TLL3,North Wales,2000,14576
ITL2,TLL3,North Wales,2001,15129
ITL2,TLL3,North Wales,2002,15411
ITL2,TLL3,North Wales,2003,16067
ITL2,TLL3,North Wales,2004,16581
ITL2,TLL3,North Wales,2005,16826
ITL2,TLL3,North Wales,2006,17457
ITL2,TLL3,North Wales,2007,17239
ITL2,TLL3,North Wales,2008,16894
ITL2,TLL3,North Wales,2009,16128
ITL2,TLL3,North Wales,2010,16392
ITL2,TLL3,North Wales,2011,17080
ITL2,TLL3,North Wales,2012,17242
ITL2,TLL3,North Wales,2013,17721
ITL2,TLL3,North Wales,2014,17619
ITL2,TLL3,North Wales,2015,17865
ITL2,TLL3,North Wales,2016,18210
ITL2,TLL3,North Wales,2017,18695
ITL2,TLL3,North Wales,2018,19118
ITL2,TLL3,North Wales,2019,19425
ITL2,TLL3,North Wales,2020,17371
ITL2,TLL3,North Wales,2021,18950
ITL2,TLL3,North Wales,2022,19550
ITL2,TLL3,North Wales,2023,19996
ITL3,TLL31,Isle of Anglesey,1998,1206
ITL3,TLL31,Isle of Anglesey,1999,1225
ITL3,TLL31,Isle of Anglesey,2000,1243
ITL3,TLL31,Isle of Anglesey,2001,1283
ITL3,TLL31,Isle of Anglesey,2002,1298
ITL3,TLL31,Isle of Anglesey,2003,1381
ITL3,TLL31,Isle of Anglesey,2004,1511
ITL3,TLL31,Isle of Anglesey,2005,1509
ITL3,TLL31,Isle of Anglesey,2006,1503
ITL3,TLL31,Isle of Anglesey,2007,1441
ITL3,TLL31,Isle of Anglesey,2008,1397
ITL3,TLL31,Isle of Anglesey,2009,1285
ITL3,TLL31,Isle of Anglesey,2010,1283
ITL3,TLL31,Isle of Anglesey,2011,1333
ITL3,TLL31,Isle of Anglesey,2012,1343
ITL3,TLL31,Isle of Anglesey,2013,1347
ITL3,TLL31,Isle of Anglesey,2014,1339
ITL3,TLL31,Isle of Anglesey,2015,1378
ITL3,TLL31,Isle of Anglesey,2016,1428
ITL3,TLL31,Isle of Anglesey,2017,1446
ITL3,TLL31,Isle of Anglesey,2018,1476
ITL3,TLL31,Isle of Anglesey,2019,1508
ITL3,TLL31,Isle of Anglesey,2020,1273
ITL3,TLL31,Isle of Anglesey,2021,1434
ITL3,TLL31,Isle of Anglesey,2022,1599
ITL3,TLL31,Isle of Anglesey,2023,1573
ITL3,TLL32,Gwynedd,1998,2690
ITL3,TLL32,Gwynedd,1999,2678
ITL3,TLL32,Gwynedd,2000,2715
ITL3,TLL32,Gwynedd,2001,2804
ITL3,TLL32,Gwynedd,2002,2921
ITL3,TLL32,Gwynedd,2003,3069
ITL3,TLL32,Gwynedd,2004,3102
ITL3,TLL32,Gwynedd,2005,3159
ITL3,TLL32,Gwynedd,2006,3251
ITL3,TLL32,Gwynedd,2007,3183
ITL3,TLL32,Gwynedd,2008,3072
ITL3,TLL32,Gwynedd,2009,2903
ITL3,TLL32,Gwynedd,2010,2890
ITL3,TLL32,Gwynedd,2011,2974
ITL3,TLL32,Gwynedd,2012,2984
ITL3,TLL32,Gwynedd,2013,3086
ITL3,TLL32,Gwynedd,2014,3028
ITL3,TLL32,Gwynedd,2015,3084
ITL3,TLL32,Gwynedd,2016,3052
ITL3,TLL32,Gwynedd,2017,3177
ITL3,TLL32,Gwynedd,2018,3179
ITL3,TLL32,Gwynedd,2019,3211
ITL3,TLL32,Gwynedd,2020,2639
ITL3,TLL32,Gwynedd,2021,2976
ITL3,TLL32,Gwynedd,2022,3069
ITL3,TLL32,Gwynedd,2023,3080
ITL3,TLL33,Conwy and Denbighshire,1998,3729
ITL3,TLL33,Conwy and Denbighshire,1999,3723
ITL3,TLL33,Conwy and Denbighshire,2000,3838
ITL3,TLL33,Conwy and Denbighshire,2001,3976
ITL3,TLL33,Conwy and Denbighshire,2002,4139
ITL3,TLL33,Conwy and Denbighshire,2003,4261
ITL3,TLL33,Conwy and Denbighshire,2004,4353
ITL3,TLL33,Conwy and Denbighshire,2005,4402
ITL3,TLL33,Conwy and Denbighshire,2006,4476
ITL3,TLL33,Conwy and Denbighshire,2007,4390
ITL3,TLL33,Conwy and Denbighshire,2008,4305
ITL3,TLL33,Conwy and Denbighshire,2009,4093
ITL3,TLL33,Conwy and Denbighshire,2010,4197
ITL3,TLL33,Conwy and Denbighshire,2011,4315
ITL3,TLL33,Conwy and Denbighshire,2012,4274
ITL3,TLL33,Conwy and Denbighshire,2013,4492
ITL3,TLL33,Conwy and Denbighshire,2014,4571
ITL3,TLL33,Conwy and Denbighshire,2015,4620
ITL3,TLL33,Conwy and Denbighshire,2016,4740
ITL3,TLL33,Conwy and Denbighshire,2017,4979
ITL3,TLL33,Conwy and Denbighshire,2018,4978
ITL3,TLL33,Conwy and Denbighshire,2019,4988
ITL3,TLL33,Conwy and Denbighshire,2020,4373
ITL3,TLL33,Conwy and Denbighshire,2021,4685
ITL3,TLL33,Conwy and Denbighshire,2022,4911
ITL3,TLL33,Conwy and Denbighshire,2023,5012
ITL3,TLL34,Flintshire and Wrexham,1998,6330
ITL3,TLL34,Flintshire and Wrexham,1999,6438
ITL3,TLL34,Flintshire and Wrexham,2000,6785
ITL3,TLL34,Flintshire and Wrexham,2001,7055
ITL3,TLL34,Flintshire and Wrexham,2002,7061
ITL3,TLL34,Flintshire and Wrexham,2003,7367
ITL3,TLL34,Flintshire and Wrexham,2004,7639
ITL3,TLL34,Flintshire and Wrexham,2005,7763
ITL3,TLL34,Flintshire and Wrexham,2006,8243
ITL3,TLL34,Flintshire and Wrexham,2007,8236
ITL3,TLL34,Flintshire and Wrexham,2008,8125
ITL3,TLL34,Flintshire and Wrexham,2009,7848
ITL3,TLL34,Flintshire and Wrexham,2010,8035
ITL3,TLL34,Flintshire and Wrexham,2011,8466
ITL3,TLL34,Flintshire and Wrexham,2012,8640
ITL3,TLL34,Flintshire and Wrexham,2013,8815
ITL3,TLL34,Flintshire and Wrexham,2014,8692
ITL3,TLL34,Flintshire and Wrexham,2015,8800
ITL3,TLL34,Flintshire and Wrexham,2016,9009
ITL3,TLL34,Flintshire and Wrexham,2017,9099
ITL3,TLL34,Flintshire and Wrexham,2018,9494
ITL3,TLL34,Flintshire and Wrexham,2019,9723
ITL3,TLL34,Flintshire and Wrexham,2020,9100
ITL3,TLL34,Flintshire and Wrexham,2021,9854
ITL3,TLL34,Flintshire and Wrexham,2022,9970
ITL3,TLL34,Flintshire and Wrexham,2023,10335
ITL2,TLL4,Mid and South West Wales,1998,17363
ITL2,TLL4,Mid and South West Wales,1999,17341
ITL2,TLL4,Mid and South West Wales,2000,17918
ITL2,TLL4,Mid and South West Wales,2001,18324
ITL2,TLL4,Mid and South West Wales,2002,18554
ITL2,TLL4,Mid and South West Wales,2003,19074
ITL2,TLL4,Mid and South West Wales,2004,19811
ITL2,TLL4,Mid and South West Wales,2005,19938
ITL2,TLL4,Mid and South West Wales,2006,20377
ITL2,TLL4,Mid and South West Wales,2007,20365
ITL2,TLL4,Mid and South West Wales,2008,19907
ITL2,TLL4,Mid and South West Wales,2009,18992
ITL2,TLL4,Mid and South West Wales,2010,19203
ITL2,TLL4,Mid and South West Wales,2011,19413
ITL2,TLL4,Mid and South West Wales,2012,19681
ITL2,TLL4,Mid and South West Wales,2013,20189
ITL2,TLL4,Mid and South West Wales,2014,20845
ITL2,TLL4,Mid and South West Wales,2015,21743
ITL2,TLL4,Mid and South West Wales,2016,22381
ITL2,TLL4,Mid and South West Wales,2017,22636
ITL2,TLL4,Mid and South West Wales,2018,23087
ITL2,TLL4,Mid and South West Wales,2019,23293
ITL2,TLL4,Mid and South West Wales,2020,20342
ITL2,TLL4,Mid and South West Wales,2021,21570
ITL2,TLL4,Mid and South West Wales,2022,22754
ITL2,TLL4,Mid and South West Wales,2023,22807
ITL3,TLL41,Mid Wales,1998,3868
ITL3,TLL41,Mid Wales,1999,3925
ITL3,TLL41,Mid Wales,2000,4109
ITL3,TLL41,Mid Wales,2001,4248
ITL3,TLL41,Mid Wales,2002,4356
ITL3,TLL41,Mid Wales,2003,4536
ITL3,TLL41,Mid Wales,2004,4606
ITL3,TLL41,Mid Wales,2005,4633
ITL3,TLL41,Mid Wales,2006,4699
ITL3,TLL41,Mid Wales,2007,4645
ITL3,TLL41,Mid Wales,2008,4442
ITL3,TLL41,Mid Wales,2009,4329
ITL3,TLL41,Mid Wales,2010,4400
ITL3,TLL41,Mid Wales,2011,4536
ITL3,TLL41,Mid Wales,2012,4539
ITL3,TLL41,Mid Wales,2013,4610
ITL3,TLL41,Mid Wales,2014,4607
ITL3,TLL41,Mid Wales,2015,4746
ITL3,TLL41,Mid Wales,2016,4778
ITL3,TLL41,Mid Wales,2017,4796
ITL3,TLL41,Mid Wales,2018,4843
ITL3,TLL41,Mid Wales,2019,4797
ITL3,TLL41,Mid Wales,2020,4299
ITL3,TLL41,Mid Wales,2021,4509
ITL3,TLL41,Mid Wales,2022,4757
ITL3,TLL41,Mid Wales,2023,4883
ITL3,TLL42,South West Wales,1998,5865
ITL3,TLL42,South West Wales,1999,5756
ITL3,TLL42,South West Wales,2000,5954
ITL3,TLL42,South West Wales,2001,6150
ITL3,TLL42,South West Wales,2002,6290
ITL3,TLL42,South West Wales,2003,6455
ITL3,TLL42,South West Wales,2004,6903
ITL3,TLL42,South West Wales,2005,6824
ITL3,TLL42,South West Wales,2006,6922
ITL3,TLL42,South West Wales,2007,6832
ITL3,TLL42,South West Wales,2008,6592
ITL3,TLL42,South West Wales,2009,6149
ITL3,TLL42,South West Wales,2010,6192
ITL3,TLL42,South West Wales,2011,6258
ITL3,TLL42,South West Wales,2012,6363
ITL3,TLL42,South West Wales,2013,6703
ITL3,TLL42,South West Wales,2014,6870
ITL3,TLL42,South West Wales,2015,7531
ITL3,TLL42,South West Wales,2016,7849
ITL3,TLL42,South West Wales,2017,7801
ITL3,TLL42,South West Wales,2018,7830
ITL3,TLL42,South West Wales,2019,7949
ITL3,TLL42,South West Wales,2020,6717
ITL3,TLL42,South West Wales,2021,7272
ITL3,TLL42,South West Wales,2022,8091
ITL3,TLL42,South West Wales,2023,7954
ITL3,TLL43,Swansea,1998,4896
ITL3,TLL43,Swansea,1999,4891
ITL3,TLL43,Swansea,2000,5019
ITL3,TLL43,Swansea,2001,5219
ITL3,TLL43,Swansea,2002,5288
ITL3,TLL43,Swansea,2003,5443
ITL3,TLL43,Swansea,2004,5682
ITL3,TLL43,Swansea,2005,5818
ITL3,TLL43,Swansea,2006,5884
ITL3,TLL43,Swansea,2007,6033
ITL3,TLL43,Swansea,2008,6069
ITL3,TLL43,Swansea,2009,5834
ITL3,TLL43,Swansea,2010,5806
ITL3,TLL43,Swansea,2011,5863
ITL3,TLL43,Swansea,2012,5941
ITL3,TLL43,Swansea,2013,5952
ITL3,TLL43,Swansea,2014,6364
ITL3,TLL43,Swansea,2015,6303
ITL3,TLL43,Swansea,2016,6513
ITL3,TLL43,Swansea,2017,6773
ITL3,TLL43,Swansea,2018,7111
ITL3,TLL43,Swansea,2019,7154
ITL3,TLL43,Swansea,2020,6308
ITL3,TLL43,Swansea,2021,6534
ITL3,TLL43,Swansea,2022,6766
ITL3,TLL43,Swansea,2023,6808
ITL3,TLL44,Neath Port Talbot,1998,2760
ITL3,TLL44,Neath Port Talbot,1999,2811
ITL3,TLL44,Neath Port Talbot,2000,2858
ITL3,TLL44,Neath Port Talbot,2001,2735
ITL3,TLL44,Neath Port Talbot,2002,2658
ITL3,TLL44,Neath Port Talbot,2003,2655
ITL3,TLL44,Neath Port Talbot,2004,2665
ITL3,TLL44,Neath Port Talbot,2005,2682
ITL3,TLL44,Neath Port Talbot,2006,2887
ITL3,TLL44,Neath Port Talbot,2007,2875
ITL3,TLL44,Neath Port Talbot,2008,2815
ITL3,TLL44,Neath Port Talbot,2009,2691
ITL3,TLL44,Neath Port Talbot,2010,2813
ITL3,TLL44,Neath Port Talbot,2011,2770
ITL3,TLL44,Neath Port Talbot,2012,2857
ITL3,TLL44,Neath Port Talbot,2013,2934
ITL3,TLL44,Neath Port Talbot,2014,2999
ITL3,TLL44,Neath Port Talbot,2015,3193
ITL3,TLL44,Neath Port Talbot,2016,3273
ITL3,TLL44,Neath Port Talbot,2017,3274
ITL3,TLL44,Neath Port Talbot,2018,3307
ITL3,TLL44,Neath Port Talbot,2019,3390
ITL3,TLL44,Neath Port Talbot,2020,3013
ITL3,TLL44,Neath Port Talbot,2021,3260
ITL3,TLL44,Neath Port Talbot,2022,3141
ITL3,TLL44,Neath Port Talbot,2023,3156
ITL2,TLL5,South East Wales,1998,29295
ITL2,TLL5,South East Wales,1999,30244
ITL2,TLL5,South East Wales,2000,31577
ITL2,TLL5,South East Wales,2001,32378
ITL2,TLL5,South East Wales,2002,33099
ITL2,TLL5,South East Wales,2003,34467
ITL2,TLL5,South East Wales,2004,35218
ITL2,TLL5,South East Wales,2005,35910
ITL2,TLL5,South East Wales,2006,37053
ITL2,TLL5,South East Wales,2007,37980
ITL2,TLL5,South East Wales,2008,37019
ITL2,TLL5,South East Wales,2009,35930
ITL2,TLL5,South East Wales,2010,36576
ITL2,TLL5,South East Wales,2011,37595
ITL2,TLL5,South East Wales,2012,38269
ITL2,TLL5,South East Wales,2013,38691
ITL2,TLL5,South East Wales,2014,39326
ITL2,TLL5,South East Wales,2015,40019
ITL2,TLL5,South East Wales,2016,41064
ITL2,TLL5,South East Wales,2017,42000
ITL2,TLL5,South East Wales,2018,43209
ITL2,TLL5,South East Wales,2019,44072
ITL2,TLL5,South East Wales,2020,40175
ITL2,TLL5,South East Wales,2021,42395
ITL2,TLL5,South East Wales,2022,43691
ITL2,TLL5,South East Wales,2023,43720
ITL3,TLL51,Central Valleys and Bridgend,1998,7421
ITL3,TLL51,Central Valleys and Bridgend,1999,7476
ITL3,TLL51,Central Valleys and Bridgend,2000,7742
ITL3,TLL51,Central Valleys and Bridgend,2001,7911
ITL3,TLL51,Central Valleys and Bridgend,2002,8188
ITL3,TLL51,Central Valleys and Bridgend,2003,8506
ITL3,TLL51,Central Valleys and Bridgend,2004,8781
ITL3,TLL51,Central Valleys and Bridgend,2005,9017
ITL3,TLL51,Central Valleys and Bridgend,2006,9444
ITL3,TLL51,Central Valleys and Bridgend,2007,9469
ITL3,TLL51,Central Valleys and Bridgend,2008,9544
ITL3,TLL51,Central Valleys and Bridgend,2009,9358
ITL3,TLL51,Central Valleys and Bridgend,2010,9634
ITL3,TLL51,Central Valleys and Bridgend,2011,9933
ITL3,TLL51,Central Valleys and Bridgend,2012,9965
ITL3,TLL51,Central Valleys and Bridgend,2013,10222
ITL3,TLL51,Central Valleys and Bridgend,2014,10569
ITL3,TLL51,Central Valleys and Bridgend,2015,10415
ITL3,TLL51,Central Valleys and Bridgend,2016,10476
ITL3,TLL51,Central Valleys and Bridgend,2017,10737
ITL3,TLL51,Central Valleys and Bridgend,2018,10965
ITL3,TLL51,Central Valleys and Bridgend,2019,11212
ITL3,TLL51,Central Valleys and Bridgend,2020,9969
ITL3,TLL51,Central Valleys and Bridgend,2021,10503
ITL3,TLL51,Central Valleys and Bridgend,2022,10923
ITL3,TLL51,Central Valleys and Bridgend,2023,10855
ITL3,TLL52,Cardiff and Vale of Glamorgan,1998,11316
ITL3,TLL52,Cardiff and Vale of Glamorgan,1999,12002
ITL3,TLL52,Cardiff and Vale of Glamorgan,2000,12454
ITL3,TLL52,Cardiff and Vale of Glamorgan,2001,12812
ITL3,TLL52,Cardiff and Vale of Glamorgan,2002,13123
ITL3,TLL52,Cardiff and Vale of Glamorgan,2003,13659
ITL3,TLL52,Cardiff and Vale of Glamorgan,2004,13782
ITL3,TLL52,Cardiff and Vale of Glamorgan,2005,14058
ITL3,TLL52,Cardiff and Vale of Glamorgan,2006,14295
ITL3,TLL52,Cardiff and Vale of Glamorgan,2007,15195
ITL3,TLL52,Cardiff and Vale of Glamorgan,2008,14637
ITL3,TLL52,Cardiff and Vale of Glamorgan,2009,14203
ITL3,TLL52,Cardiff and Vale of Glamorgan,2010,14393
ITL3,TLL52,Cardiff and Vale of Glamorgan,2011,14727
ITL3,TLL52,Cardiff and Vale of Glamorgan,2012,15239
ITL3,TLL52,Cardiff and Vale of Glamorgan,2013,15288
ITL3,TLL52,Cardiff and Vale of Glamorgan,2014,15461
ITL3,TLL52,Cardiff and Vale of Glamorgan,2015,15971
ITL3,TLL52,Cardiff and Vale of Glamorgan,2016,16589
ITL3,TLL52,Cardiff and Vale of Glamorgan,2017,16982
ITL3,TLL52,Cardiff and Vale of Glamorgan,2018,17264
ITL3,TLL52,Cardiff and Vale of Glamorgan,2019,17686
ITL3,TLL52,Cardiff and Vale of Glamorgan,2020,16526
ITL3,TLL52,Cardiff and Vale of Glamorgan,2021,17487
ITL3,TLL52,Cardiff and Vale of Glamorgan,2022,18034
ITL3,TLL52,Cardiff and Vale of Glamorgan,2023,18110
ITL3,TLL53,Gwent Valleys,1998,5393
ITL3,TLL53,Gwent Valleys,1999,5391
ITL3,TLL53,Gwent Valleys,2000,5624
ITL3,TLL53,Gwent Valleys,2001,5737
ITL3,TLL53,Gwent Valleys,2002,5838
ITL3,TLL53,Gwent Valleys,2003,6026
ITL3,TLL53,Gwent Valleys,2004,6196
ITL3,TLL53,Gwent Valleys,2005,6289
ITL3,TLL53,Gwent Valleys,2006,6518
ITL3,TLL53,Gwent Valleys,2007,6427
ITL3,TLL53,Gwent Valleys,2008,6284
ITL3,TLL53,Gwent Valleys,2009,6051
ITL3,TLL53,Gwent Valleys,2010,6111
ITL3,TLL53,Gwent Valleys,2011,6335
ITL3,TLL53,Gwent Valleys,2012,6339
ITL3,TLL53,Gwent Valleys,2013,6513
ITL3,TLL53,Gwent Valleys,2014,6583
ITL3,TLL53,Gwent Valleys,2015,6694
ITL3,TLL53,Gwent Valleys,2016,6725
ITL3,TLL53,Gwent Valleys,2017,6898
ITL3,TLL53,Gwent Valleys,2018,7160
ITL3,TLL53,Gwent Valleys,2019,7339
ITL3,TLL53,Gwent Valleys,2020,6660
ITL3,TLL53,Gwent Valleys,2021,7086
ITL3,TLL53,Gwent Valleys,2022,7091
ITL3,TLL53,Gwent Valleys,2023,7087
ITL3,TLL54,Monmouthshire and Newport,1998,5196
ITL3,TLL54,Monmouthshire and Newport,1999,5404
ITL3,TLL54,Monmouthshire and Newport,2000,5784
ITL3,TLL54,Monmouthshire and Newport,2001,5922
ITL3,TLL54,Monmouthshire and Newport,2002,5994
ITL3,TLL54,Monmouthshire and Newport,2003,6294
ITL3,TLL54,Monmouthshire and Newport,2004,6506
ITL3,TLL54,Monmouthshire and Newport,2005,6593
ITL3,TLL54,Monmouthshire and Newport,2006,6827
ITL3,TLL54,Monmouthshire and Newport,2007,6886
ITL3,TLL54,Monmouthshire and Newport,2008,6573
ITL3,TLL54,Monmouthshire and Newport,2009,6337
ITL3,TLL54,Monmouthshire and Newport,2010,6452
ITL3,TLL54,Monmouthshire and Newport,2011,6617
ITL3,TLL54,Monmouthshire and Newport,2012,6757
ITL3,TLL54,Monmouthshire and Newport,2013,6670
ITL3,TLL54,Monmouthshire and Newport,2014,6712
ITL3,TLL54,Monmouthshire and Newport,2015,6967
ITL3,TLL54,Monmouthshire and Newport,2016,7264
ITL3,TLL54,Monmouthshire and Newport,2017,7398
ITL3,TLL54,Monmouthshire and Newport,2018,7821
ITL3,TLL54,Monmouthshire and Newport,2019,7843
ITL3,TLL54,Monmouthshire and Newport,2020,7034
ITL3,TLL54,Monmouthshire and Newport,2021,7331
ITL3,TLL54,Monmouthshire and Newport,2022,7644
ITL3,TLL54,Monmouthshire and Newport,2023,7670
ITL1,TLM,Scotland,1998,128358
ITL1,TLM,Scotland,1999,130221
ITL1,TLM,Scotland,2000,134677
ITL1,TLM,Scotland,2001,140016
ITL1,TLM,Scotland,2002,142327
ITL1,TLM,Scotland,2003,146702
ITL1,TLM,Scotland,2004,151477
ITL1,TLM,Scotland,2005,156855
ITL1,TLM,Scotland,2006,162078
ITL1,TLM,Scotland,2007,165806
ITL1,TLM,Scotland,2008,167729
ITL1,TLM,Scotland,2009,161982
ITL1,TLM,Scotland,2010,162550
ITL1,TLM,Scotland,2011,164599
ITL1,TLM,Scotland,2012,166788
ITL1,TLM,Scotland,2013,170734
ITL1,TLM,Scotland,2014,175900
ITL1,TLM,Scotland,2015,177916
ITL1,TLM,Scotland,2016,178357
ITL1,TLM,Scotland,2017,183741
ITL1,TLM,Scotland,2018,184096
ITL1,TLM,Scotland,2019,187126
ITL1,TLM,Scotland,2020,165473
ITL1,TLM,Scotland,2021,180234
ITL1,TLM,Scotland,2022,188246
ITL1,TLM,Scotland,2023,189598
ITL2,TLM0,Eastern Scotland,1998,19262
ITL2,TLM0,Eastern Scotland,1999,19575
ITL2,TLM0,Eastern Scotland,2000,20245
ITL2,TLM0,Eastern Scotland,2001,20933
ITL2,TLM0,Eastern Scotland,2002,21458
ITL2,TLM0,Eastern Scotland,2003,22210
ITL2,TLM0,Eastern Scotland,2004,22618
ITL2,TLM0,Eastern Scotland,2005,23085
ITL2,TLM0,Eastern Scotland,2006,24118
ITL2,TLM0,Eastern Scotland,2007,24471
ITL2,TLM0,Eastern Scotland,2008,24264
ITL2,TLM0,Eastern Scotland,2009,23559
ITL2,TLM0,Eastern Scotland,2010,23627
ITL2,TLM0,Eastern Scotland,2011,23793
ITL2,TLM0,Eastern Scotland,2012,24111
ITL2,TLM0,Eastern Scotland,2013,24706
ITL2,TLM0,Eastern Scotland,2014,25292
ITL2,TLM0,Eastern Scotland,2015,25688
ITL2,TLM0,Eastern Scotland,2016,25854
ITL2,TLM0,Eastern Scotland,2017,26360
ITL2,TLM0,Eastern Scotland,2018,26125
ITL2,TLM0,Eastern Scotland,2019,26705
ITL2,TLM0,Eastern Scotland,2020,23697
ITL2,TLM0,Eastern Scotland,2021,25901
ITL2,TLM0,Eastern Scotland,2022,26764
ITL2,TLM0,Eastern Scotland,2023,26525
ITL3,TLM01,Clackmannanshire and Fife,1998,7086
ITL3,TLM01,Clackmannanshire and Fife,1999,7313
ITL3,TLM01,Clackmannanshire and Fife,2000,7635
ITL3,TLM01,Clackmannanshire and Fife,2001,7963
ITL3,TLM01,Clackmannanshire and Fife,2002,8227
ITL3,TLM01,Clackmannanshire and Fife,2003,8533
ITL3,TLM01,Clackmannanshire and Fife,2004,8795
ITL3,TLM01,Clackmannanshire and Fife,2005,9011
ITL3,TLM01,Clackmannanshire and Fife,2006,9620
ITL3,TLM01,Clackmannanshire and Fife,2007,9673
ITL3,TLM01,Clackmannanshire and Fife,2008,9716
ITL3,TLM01,Clackmannanshire and Fife,2009,9328
ITL3,TLM01,Clackmannanshire and Fife,2010,9324
ITL3,TLM01,Clackmannanshire and Fife,2011,9372
ITL3,TLM01,Clackmannanshire and Fife,2012,9490
ITL3,TLM01,Clackmannanshire and Fife,2013,9731
ITL3,TLM01,Clackmannanshire and Fife,2014,10051
ITL3,TLM01,Clackmannanshire and Fife,2015,10201
ITL3,TLM01,Clackmannanshire and Fife,2016,10391
ITL3,TLM01,Clackmannanshire and Fife,2017,10630
ITL3,TLM01,Clackmannanshire and Fife,2018,10546
ITL3,TLM01,Clackmannanshire and Fife,2019,10683
ITL3,TLM01,Clackmannanshire and Fife,2020,9881
ITL3,TLM01,Clackmannanshire and Fife,2021,10810
ITL3,TLM01,Clackmannanshire and Fife,2022,11223
ITL3,TLM01,Clackmannanshire and Fife,2023,10909
ITL3,TLM02,"Perth and Kinross, and Stirling",1998,6744
ITL3,TLM02,"Perth and Kinross, and Stirling",1999,6800
ITL3,TLM02,"Perth and Kinross, and Stirling",2000,6818
ITL3,TLM02,"Perth and Kinross, and Stirling",2001,7041
ITL3,TLM02,"Perth and Kinross, and Stirling",2002,7206
ITL3,TLM02,"Perth and Kinross, and Stirling",2003,7470
ITL3,TLM02,"Perth and Kinross, and Stirling",2004,7452
ITL3,TLM02,"Perth and Kinross, and Stirling",2005,7581
ITL3,TLM02,"Perth and Kinross, and Stirling",2006,7763
ITL3,TLM02,"Perth and Kinross, and Stirling",2007,8028
ITL3,TLM02,"Perth and Kinross, and Stirling",2008,7831
ITL3,TLM02,"Perth and Kinross, and Stirling",2009,7730
ITL3,TLM02,"Perth and Kinross, and Stirling",2010,7789
ITL3,TLM02,"Perth and Kinross, and Stirling",2011,7796
ITL3,TLM02,"Perth and Kinross, and Stirling",2012,7970
ITL3,TLM02,"Perth and Kinross, and Stirling",2013,8225
ITL3,TLM02,"Perth and Kinross, and Stirling",2014,8263
ITL3,TLM02,"Perth and Kinross, and Stirling",2015,8555
ITL3,TLM02,"Perth and Kinross, and Stirling",2016,8544
ITL3,TLM02,"Perth and Kinross, and Stirling",2017,8731
ITL3,TLM02,"Perth and Kinross, and Stirling",2018,8523
ITL3,TLM02,"Perth and Kinross, and Stirling",2019,8695
ITL3,TLM02,"Perth and Kinross, and Stirling",2020,7562
ITL3,TLM02,"Perth and Kinross, and Stirling",2021,8099
ITL3,TLM02,"Perth and Kinross, and Stirling",2022,8235
ITL3,TLM02,"Perth and Kinross, and Stirling",2023,8247
ITL3,TLM03,Angus and Dundee City,1998,5514
ITL3,TLM03,Angus and Dundee City,1999,5559
ITL3,TLM03,Angus and Dundee City,2000,5849
ITL3,TLM03,Angus and Dundee City,2001,5990
ITL3,TLM03,Angus and Dundee City,2002,6068
ITL3,TLM03,Angus and Dundee City,2003,6269
ITL3,TLM03,Angus and Dundee City,2004,6410
ITL3,TLM03,Angus and Dundee City,2005,6523
ITL3,TLM03,Angus and Dundee City,2006,6764
ITL3,TLM03,Angus and Dundee City,2007,6783
ITL3,TLM03,Angus and Dundee City,2008,6721
ITL3,TLM03,Angus and Dundee City,2009,6519
ITL3,TLM03,Angus and Dundee City,2010,6530
ITL3,TLM03,Angus and Dundee City,2011,6640
ITL3,TLM03,Angus and Dundee City,2012,6661
ITL3,TLM03,Angus and Dundee City,2013,6781
ITL3,TLM03,Angus and Dundee City,2014,6993
ITL3,TLM03,Angus and Dundee City,2015,6938
ITL3,TLM03,Angus and Dundee City,2016,6923
ITL3,TLM03,Angus and Dundee City,2017,7010
ITL3,TLM03,Angus and Dundee City,2018,7078
ITL3,TLM03,Angus and Dundee City,2019,7332
ITL3,TLM03,Angus and Dundee City,2020,6268
ITL3,TLM03,Angus and Dundee City,2021,6996
ITL3,TLM03,Angus and Dundee City,2022,7305
ITL3,TLM03,Angus and Dundee City,2023,7358
ITL2,TLM1,East Central Scotland,1998,28592
ITL2,TLM1,East Central Scotland,1999,28832
ITL2,TLM1,East Central Scotland,2000,30615
ITL2,TLM1,East Central Scotland,2001,31815
ITL2,TLM1,East Central Scotland,2002,33135
ITL2,TLM1,East Central Scotland,2003,34507
ITL2,TLM1,East Central Scotland,2004,35662
ITL2,TLM1,East Central Scotland,2005,36866
ITL2,TLM1,East Central Scotland,2006,37319
ITL2,TLM1,East Central Scotland,2007,39600
ITL2,TLM1,East Central Scotland,2008,39420
ITL2,TLM1,East Central Scotland,2009,38219
ITL2,TLM1,East Central Scotland,2010,38883
ITL2,TLM1,East Central Scotland,2011,38439
ITL2,TLM1,East Central Scotland,2012,39316
ITL2,TLM1,East Central Scotland,2013,39424
ITL2,TLM1,East Central Scotland,2014,40287
ITL2,TLM1,East Central Scotland,2015,41293
ITL2,TLM1,East Central Scotland,2016,43067
ITL2,TLM1,East Central Scotland,2017,45005
ITL2,TLM1,East Central Scotland,2018,46086
ITL2,TLM1,East Central Scotland,2019,46918
ITL2,TLM1,East Central Scotland,2020,41567
ITL2,TLM1,East Central Scotland,2021,46105
ITL2,TLM1,East Central Scotland,2022,49126
ITL2,TLM1,East Central Scotland,2023,49877
ITL3,TLM11,East Lothian and Midlothian,1998,3018
ITL3,TLM11,East Lothian and Midlothian,1999,3085
ITL3,TLM11,East Lothian and Midlothian,2000,3184
ITL3,TLM11,East Lothian and Midlothian,2001,3254
ITL3,TLM11,East Lothian and Midlothian,2002,3325
ITL3,TLM11,East Lothian and Midlothian,2003,3428
ITL3,TLM11,East Lothian and Midlothian,2004,3524
ITL3,TLM11,East Lothian and Midlothian,2005,3542
ITL3,TLM11,East Lothian and Midlothian,2006,3640
ITL3,TLM11,East Lothian and Midlothian,2007,3617
ITL3,TLM11,East Lothian and Midlothian,2008,3574
ITL3,TLM11,East Lothian and Midlothian,2009,3447
ITL3,TLM11,East Lothian and Midlothian,2010,3529
ITL3,TLM11,East Lothian and Midlothian,2011,3636
ITL3,TLM11,East Lothian and Midlothian,2012,3660
ITL3,TLM11,East Lothian and Midlothian,2013,3884
ITL3,TLM11,East Lothian and Midlothian,2014,4014
ITL3,TLM11,East Lothian and Midlothian,2015,4125
ITL3,TLM11,East Lothian and Midlothian,2016,4199
ITL3,TLM11,East Lothian and Midlothian,2017,4345
ITL3,TLM11,East Lothian and Midlothian,2018,4456
ITL3,TLM11,East Lothian and Midlothian,2019,4555
ITL3,TLM11,East Lothian and Midlothian,2020,4057
ITL3,TLM11,East Lothian and Midlothian,2021,4495
ITL3,TLM11,East Lothian and Midlothian,2022,4773
ITL3,TLM11,East Lothian and Midlothian,2023,4828
ITL3,TLM12,Falkirk,1998,3970
ITL3,TLM12,Falkirk,1999,3916
ITL3,TLM12,Falkirk,2000,4053
ITL3,TLM12,Falkirk,2001,4082
ITL3,TLM12,Falkirk,2002,4200
ITL3,TLM12,Falkirk,2003,4348
ITL3,TLM12,Falkirk,2004,4493
ITL3,TLM12,Falkirk,2005,4654
ITL3,TLM12,Falkirk,2006,4990
ITL3,TLM12,Falkirk,2007,4825
ITL3,TLM12,Falkirk,2008,4947
ITL3,TLM12,Falkirk,2009,4879
ITL3,TLM12,Falkirk,2010,4800
ITL3,TLM12,Falkirk,2011,4664
ITL3,TLM12,Falkirk,2012,4629
ITL3,TLM12,Falkirk,2013,4661
ITL3,TLM12,Falkirk,2014,4831
ITL3,TLM12,Falkirk,2015,4948
ITL3,TLM12,Falkirk,2016,4970
ITL3,TLM12,Falkirk,2017,4996
ITL3,TLM12,Falkirk,2018,5091
ITL3,TLM12,Falkirk,2019,5142
ITL3,TLM12,Falkirk,2020,4476
ITL3,TLM12,Falkirk,2021,4951
ITL3,TLM12,Falkirk,2022,4945
ITL3,TLM12,Falkirk,2023,4769
ITL3,TLM13,City of Edinburgh,1998,18445
ITL3,TLM13,City of Edinburgh,1999,18527
ITL3,TLM13,City of Edinburgh,2000,19904
ITL3,TLM13,City of Edinburgh,2001,20875
ITL3,TLM13,City of Edinburgh,2002,21853
ITL3,TLM13,City of Edinburgh,2003,22761
ITL3,TLM13,City of Edinburgh,2004,23476
ITL3,TLM13,City of Edinburgh,2005,24405
ITL3,TLM13,City of Edinburgh,2006,24078
ITL3,TLM13,City of Edinburgh,2007,26482
ITL3,TLM13,City of Edinburgh,2008,26229
ITL3,TLM13,City of Edinburgh,2009,25424
ITL3,TLM13,City of Edinburgh,2010,25848
ITL3,TLM13,City of Edinburgh,2011,25172
ITL3,TLM13,City of Edinburgh,2012,26035
ITL3,TLM13,City of Edinburgh,2013,26122
ITL3,TLM13,City of Edinburgh,2014,26468
ITL3,TLM13,City of Edinburgh,2015,26937
ITL3,TLM13,City of Edinburgh,2016,28632
ITL3,TLM13,City of Edinburgh,2017,30258
ITL3,TLM13,City of Edinburgh,2018,30848
ITL3,TLM13,City of Edinburgh,2019,31459
ITL3,TLM13,City of Edinburgh,2020,27576
ITL3,TLM13,City of Edinburgh,2021,30562
ITL3,TLM13,City of Edinburgh,2022,32892
ITL3,TLM13,City of Edinburgh,2023,33729
ITL3,TLM14,West Lothian,1998,3267
ITL3,TLM14,West Lothian,1999,3415
ITL3,TLM14,West Lothian,2000,3569
ITL3,TLM14,West Lothian,2001,3717
ITL3,TLM14,West Lothian,2002,3899
ITL3,TLM14,West Lothian,2003,4080
ITL3,TLM14,West Lothian,2004,4294
ITL3,TLM14,West Lothian,2005,4384
ITL3,TLM14,West Lothian,2006,4666
ITL3,TLM14,West Lothian,2007,4731
ITL3,TLM14,West Lothian,2008,4738
ITL3,TLM14,West Lothian,2009,4546
ITL3,TLM14,West Lothian,2010,4726
ITL3,TLM14,West Lothian,2011,4948
ITL3,TLM14,West Lothian,2012,5001
ITL3,TLM14,West Lothian,2013,4798
ITL3,TLM14,West Lothian,2014,5007
ITL3,TLM14,West Lothian,2015,5278
ITL3,TLM14,West Lothian,2016,5278
ITL3,TLM14,West Lothian,2017,5442
ITL3,TLM14,West Lothian,2018,5686
ITL3,TLM14,West Lothian,2019,5774
ITL3,TLM14,West Lothian,2020,5465
ITL3,TLM14,West Lothian,2021,6105
ITL3,TLM14,West Lothian,2022,6516
ITL3,TLM14,West Lothian,2023,6557
ITL2,TLM2,Highlands and Islands,1998,10960
ITL2,TLM2,Highlands and Islands,1999,11348
ITL2,TLM2,Highlands and Islands,2000,11474
ITL2,TLM2,Highlands and Islands,2001,11803
ITL2,TLM2,Highlands and Islands,2002,11768
ITL2,TLM2,Highlands and Islands,2003,12447
ITL2,TLM2,Highlands and Islands,2004,13052
ITL2,TLM2,Highlands and Islands,2005,13527
ITL2,TLM2,Highlands and Islands,2006,13699
ITL2,TLM2,Highlands and Islands,2007,13649
ITL2,TLM2,Highlands and Islands,2008,13966
ITL2,TLM2,Highlands and Islands,2009,13739
ITL2,TLM2,Highlands and Islands,2010,13980
ITL2,TLM2,Highlands and Islands,2011,14451
ITL2,TLM2,Highlands and Islands,2012,14516
ITL2,TLM2,Highlands and Islands,2013,14861
ITL2,TLM2,Highlands and Islands,2014,15052
ITL2,TLM2,Highlands and Islands,2015,14987
ITL2,TLM2,Highlands and Islands,2016,14917
ITL2,TLM2,Highlands and Islands,2017,15640
ITL2,TLM2,Highlands and Islands,2018,15587
ITL2,TLM2,Highlands and Islands,2019,15954
ITL2,TLM2,Highlands and Islands,2020,14089
ITL2,TLM2,Highlands and Islands,2021,15074
ITL2,TLM2,Highlands and Islands,2022,15859
ITL2,TLM2,Highlands and Islands,2023,15865
ITL3,TLM20,Highlands and Islands,1998,10960
ITL3,TLM20,Highlands and Islands,1999,11348
ITL3,TLM20,Highlands and Islands,2000,11474
ITL3,TLM20,Highlands and Islands,2001,11803
ITL3,TLM20,Highlands and Islands,2002,11768
ITL3,TLM20,Highlands and Islands,2003,12447
ITL3,TLM20,Highlands and Islands,2004,13052
ITL3,TLM20,Highlands and Islands,2005,13527
ITL3,TLM20,Highlands and Islands,2006,13699
ITL3,TLM20,Highlands and Islands,2007,13649
ITL3,TLM20,Highlands and Islands,2008,13966
ITL3,TLM20,Highlands and Islands,2009,13739
ITL3,TLM20,Highlands and Islands,2010,13980
ITL3,TLM20,Highlands and Islands,2011,14451
ITL3,TLM20,Highlands and Islands,2012,14516
ITL3,TLM20,Highlands and Islands,2013,14861
ITL3,TLM20,Highlands and Islands,2014,15052
ITL3,TLM20,Highlands and Islands,2015,14987
ITL3,TLM20,Highlands and Islands,2016,14917
ITL3,TLM20,Highlands and Islands,2017,15640
ITL3,TLM20,Highlands and Islands,2018,15587
ITL3,TLM20,Highlands and Islands,2019,15954
ITL3,TLM20,Highlands and Islands,2020,14089
ITL3,TLM20,Highlands and Islands,2021,15074
ITL3,TLM20,Highlands and Islands,2022,15859
ITL3,TLM20,Highlands and Islands,2023,15865
ITL2,TLM3,West Central Scotland,1998,35187
ITL2,TLM3,West Central Scotland,1999,35784
ITL2,TLM3,West Central Scotland,2000,37084
ITL2,TLM3,West Central Scotland,2001,38599
ITL2,TLM3,West Central Scotland,2002,38721
ITL2,TLM3,West Central Scotland,2003,39802
ITL2,TLM3,West Central Scotland,2004,41461
ITL2,TLM3,West Central Scotland,2005,43061
ITL2,TLM3,West Central Scotland,2006,43916
ITL2,TLM3,West Central Scotland,2007,44283
ITL2,TLM3,West Central Scotland,2008,44961
ITL2,TLM3,West Central Scotland,2009,43073
ITL2,TLM3,West Central Scotland,2010,42599
ITL2,TLM3,West Central Scotland,2011,43646
ITL2,TLM3,West Central Scotland,2012,43825
ITL2,TLM3,West Central Scotland,2013,44973
ITL2,TLM3,West Central Scotland,2014,46741
ITL2,TLM3,West Central Scotland,2015,47149
ITL2,TLM3,West Central Scotland,2016,47453
ITL2,TLM3,West Central Scotland,2017,49513
ITL2,TLM3,West Central Scotland,2018,49852
ITL2,TLM3,West Central Scotland,2019,50864
ITL2,TLM3,West Central Scotland,2020,45418
ITL2,TLM3,West Central Scotland,2021,50749
ITL2,TLM3,West Central Scotland,2022,52746
ITL2,TLM3,West Central Scotland,2023,53329
ITL3,TLM31,East Dunbartonshire and West Dunbartonshire,1998,3314
ITL3,TLM31,East Dunbartonshire and West Dunbartonshire,1999,3350
ITL3,TLM31,East Dunbartonshire and West Dunbartonshire,2000,3408
ITL3,TLM31,East Dunbartonshire and West Dunbartonshire,2001,3554
ITL3,TLM31,East Dunbartonshire and West Dunbartonshire,2002,3575
ITL3,TLM31,East Dunbartonshire and West Dunbartonshire,2003,3683
ITL3,TLM31,East Dunbartonshire and West Dunbartonshire,2004,3822
ITL3,TLM31,East Dunbartonshire and West Dunbartonshire,2005,3941
ITL3,TLM31,East Dunbartonshire and West Dunbartonshire,2006,4054
ITL3,TLM31,East Dunbartonshire and West Dunbartonshire,2007,3941
ITL3,TLM31,East Dunbartonshire and West Dunbartonshire,2008,3959
ITL3,TLM31,East Dunbartonshire and West Dunbartonshire,2009,3804
ITL3,TLM31,East Dunbartonshire and West Dunbartonshire,2010,3738
ITL3,TLM31,East Dunbartonshire and West Dunbartonshire,2011,3805
ITL3,TLM31,East Dunbartonshire and West Dunbartonshire,2012,3764
ITL3,TLM31,East Dunbartonshire and West Dunbartonshire,2013,3814
ITL3,TLM31,East Dunbartonshire and West Dunbartonshire,2014,3976
ITL3,TLM31,East Dunbartonshire and West Dunbartonshire,2015,4042
ITL3,TLM31,East Dunbartonshire and West Dunbartonshire,2016,4184
ITL3,TLM31,East Dunbartonshire and West Dunbartonshire,2017,4375
ITL3,TLM31,East Dunbartonshire and West Dunbartonshire,2018,4449
ITL3,TLM31,East Dunbartonshire and West Dunbartonshire,2019,4494
ITL3,TLM31,East Dunbartonshire and West Dunbartonshire,2020,3831
ITL3,TLM31,East Dunbartonshire and West Dunbartonshire,2021,4267
ITL3,TLM31,East Dunbartonshire and West Dunbartonshire,2022,4459
ITL3,TLM31,East Dunbartonshire and West Dunbartonshire,2023,4555
ITL3,TLM32,Glasgow City,1998,18768
ITL3,TLM32,Glasgow City,1999,19216
ITL3,TLM32,Glasgow City,2000,19900
ITL3,TLM32,Glasgow City,2001,20614
ITL3,TLM32,Glasgow City,2002,20415
ITL3,TLM32,Glasgow City,2003,20962
ITL3,TLM32,Glasgow City,2004,21929
ITL3,TLM32,Glasgow City,2005,22997
ITL3,TLM32,Glasgow City,2006,23229
ITL3,TLM32,Glasgow City,2007,24079
ITL3,TLM32,Glasgow City,2008,24390
ITL3,TLM32,Glasgow City,2009,23385
ITL3,TLM32,Glasgow City,2010,23044
ITL3,TLM32,Glasgow City,2011,23611
ITL3,TLM32,Glasgow City,2012,23698
ITL3,TLM32,Glasgow City,2013,24396
ITL3,TLM32,Glasgow City,2014,24723
ITL3,TLM32,Glasgow City,2015,24895
ITL3,TLM32,Glasgow City,2016,25054
ITL3,TLM32,Glasgow City,2017,26148
ITL3,TLM32,Glasgow City,2018,26354
ITL3,TLM32,Glasgow City,2019,27143
ITL3,TLM32,Glasgow City,2020,24478
ITL3,TLM32,Glasgow City,2021,27517
ITL3,TLM32,Glasgow City,2022,29074
ITL3,TLM32,Glasgow City,2023,29198
ITL3,TLM33,"Inverclyde, East Renfrewshire, and Renfrewshire",1998,6047
ITL3,TLM33,"Inverclyde, East Renfrewshire, and Renfrewshire",1999,6087
ITL3,TLM33,"Inverclyde, East Renfrewshire, and Renfrewshire",2000,6460
ITL3,TLM33,"Inverclyde, East Renfrewshire, and Renfrewshire",2001,6715
ITL3,TLM33,"Inverclyde, East Renfrewshire, and Renfrewshire",2002,6885
ITL3,TLM33,"Inverclyde, East Renfrewshire, and Renfrewshire",2003,7064
ITL3,TLM33,"Inverclyde, East Renfrewshire, and Renfrewshire",2004,7383
ITL3,TLM33,"Inverclyde, East Renfrewshire, and Renfrewshire",2005,7551
ITL3,TLM33,"Inverclyde, East Renfrewshire, and Renfrewshire",2006,7836
ITL3,TLM33,"Inverclyde, East Renfrewshire, and Renfrewshire",2007,7600
ITL3,TLM33,"Inverclyde, East Renfrewshire, and Renfrewshire",2008,7781
ITL3,TLM33,"Inverclyde, East Renfrewshire, and Renfrewshire",2009,7507
ITL3,TLM33,"Inverclyde, East Renfrewshire, and Renfrewshire",2010,7458
ITL3,TLM33,"Inverclyde, East Renfrewshire, and Renfrewshire",2011,7687
ITL3,TLM33,"Inverclyde, East Renfrewshire, and Renfrewshire",2012,7822
ITL3,TLM33,"Inverclyde, East Renfrewshire, and Renfrewshire",2013,7995
ITL3,TLM33,"Inverclyde, East Renfrewshire, and Renfrewshire",2014,8547
ITL3,TLM33,"Inverclyde, East Renfrewshire, and Renfrewshire",2015,8659
ITL3,TLM33,"Inverclyde, East Renfrewshire, and Renfrewshire",2016,8495
ITL3,TLM33,"Inverclyde, East Renfrewshire, and Renfrewshire",2017,8798
ITL3,TLM33,"Inverclyde, East Renfrewshire, and Renfrewshire",2018,8787
ITL3,TLM33,"Inverclyde, East Renfrewshire, and Renfrewshire",2019,8774
ITL3,TLM33,"Inverclyde, East Renfrewshire, and Renfrewshire",2020,7763
ITL3,TLM33,"Inverclyde, East Renfrewshire, and Renfrewshire",2021,8654
ITL3,TLM33,"Inverclyde, East Renfrewshire, and Renfrewshire",2022,8663
ITL3,TLM33,"Inverclyde, East Renfrewshire, and Renfrewshire",2023,8726
ITL3,TLM34,North Lanarkshire,1998,7120
ITL3,TLM34,North Lanarkshire,1999,7155
ITL3,TLM34,North Lanarkshire,2000,7341
ITL3,TLM34,North Lanarkshire,2001,7749
ITL3,TLM34,North Lanarkshire,2002,7871
ITL3,TLM34,North Lanarkshire,2003,8132
ITL3,TLM34,North Lanarkshire,2004,8368
ITL3,TLM34,North Lanarkshire,2005,8562
ITL3,TLM34,North Lanarkshire,2006,8849
ITL3,TLM34,North Lanarkshire,2007,8644
ITL3,TLM34,North Lanarkshire,2008,8805
ITL3,TLM34,North Lanarkshire,2009,8370
ITL3,TLM34,North Lanarkshire,2010,8366
ITL3,TLM34,North Lanarkshire,2011,8502
ITL3,TLM34,North Lanarkshire,2012,8546
ITL3,TLM34,North Lanarkshire,2013,8759
ITL3,TLM34,North Lanarkshire,2014,9473
ITL3,TLM34,North Lanarkshire,2015,9549
ITL3,TLM34,North Lanarkshire,2016,9679
ITL3,TLM34,North Lanarkshire,2017,10186
ITL3,TLM34,North Lanarkshire,2018,10263
ITL3,TLM34,North Lanarkshire,2019,10423
ITL3,TLM34,North Lanarkshire,2020,9337
ITL3,TLM34,North Lanarkshire,2021,10304
ITL3,TLM34,North Lanarkshire,2022,10549
ITL3,TLM34,North Lanarkshire,2023,10829
ITL2,TLM5,North Eastern Scotland,1998,13688
ITL2,TLM5,North Eastern Scotland,1999,13634
ITL2,TLM5,North Eastern Scotland,2000,13800
ITL2,TLM5,North Eastern Scotland,2001,14565
ITL2,TLM5,North Eastern Scotland,2002,14883
ITL2,TLM5,North Eastern Scotland,2003,14808
ITL2,TLM5,North Eastern Scotland,2004,15398
ITL2,TLM5,North Eastern Scotland,2005,15956
ITL2,TLM5,North Eastern Scotland,2006,17854
ITL2,TLM5,North Eastern Scotland,2007,19172
ITL2,TLM5,North Eastern Scotland,2008,20183
ITL2,TLM5,North Eastern Scotland,2009,19481
ITL2,TLM5,North Eastern Scotland,2010,19950
ITL2,TLM5,North Eastern Scotland,2011,20361
ITL2,TLM5,North Eastern Scotland,2012,20975
ITL2,TLM5,North Eastern Scotland,2013,22137
ITL2,TLM5,North Eastern Scotland,2014,23291
ITL2,TLM5,North Eastern Scotland,2015,23743
ITL2,TLM5,North Eastern Scotland,2016,22015
ITL2,TLM5,North Eastern Scotland,2017,21434
ITL2,TLM5,North Eastern Scotland,2018,20861
ITL2,TLM5,North Eastern Scotland,2019,20854
ITL2,TLM5,North Eastern Scotland,2020,17968
ITL2,TLM5,North Eastern Scotland,2021,18406
ITL2,TLM5,North Eastern Scotland,2022,18938
ITL2,TLM5,North Eastern Scotland,2023,18891
ITL3,TLM50,Aberdeen City and Aberdeenshire,1998,13706
ITL3,TLM50,Aberdeen City and Aberdeenshire,1999,13633
ITL3,TLM50,Aberdeen City and Aberdeenshire,2000,13799
ITL3,TLM50,Aberdeen City and Aberdeenshire,2001,14564
ITL3,TLM50,Aberdeen City and Aberdeenshire,2002,14863
ITL3,TLM50,Aberdeen City and Aberdeenshire,2003,14807
ITL3,TLM50,Aberdeen City and Aberdeenshire,2004,15378
ITL3,TLM50,Aberdeen City and Aberdeenshire,2005,15935
ITL3,TLM50,Aberdeen City and Aberdeenshire,2006,17810
ITL3,TLM50,Aberdeen City and Aberdeenshire,2007,19148
ITL3,TLM50,Aberdeen City and Aberdeenshire,2008,20159
ITL3,TLM50,Aberdeen City and Aberdeenshire,2009,19479
ITL3,TLM50,Aberdeen City and Aberdeenshire,2010,19949
ITL3,TLM50,Aberdeen City and Aberdeenshire,2011,20359
ITL3,TLM50,Aberdeen City and Aberdeenshire,2012,21017
ITL3,TLM50,Aberdeen City and Aberdeenshire,2013,22204
ITL3,TLM50,Aberdeen City and Aberdeenshire,2014,23362
ITL3,TLM50,Aberdeen City and Aberdeenshire,2015,23819
ITL3,TLM50,Aberdeen City and Aberdeenshire,2016,22062
ITL3,TLM50,Aberdeen City and Aberdeenshire,2017,21479
ITL3,TLM50,Aberdeen City and Aberdeenshire,2018,20903
ITL3,TLM50,Aberdeen City and Aberdeenshire,2019,20853
ITL3,TLM50,Aberdeen City and Aberdeenshire,2020,17950
ITL3,TLM50,Aberdeen City and Aberdeenshire,2021,18423
ITL3,TLM50,Aberdeen City and Aberdeenshire,2022,18938
ITL3,TLM50,Aberdeen City and Aberdeenshire,2023,18891
ITL2,TLM9,Southern Scotland,1998,20209
ITL2,TLM9,Southern Scotland,1999,20674
ITL2,TLM9,Southern Scotland,2000,21204
ITL2,TLM9,Southern Scotland,2001,21975
ITL2,TLM9,Southern Scotland,2002,22098
ITL2,TLM9,Southern Scotland,2003,22681
ITL2,TLM9,Southern Scotland,2004,23105
ITL2,TLM9,Southern Scotland,2005,24015
ITL2,TLM9,Southern Scotland,2006,24834
ITL2,TLM9,Southern Scotland,2007,24241
ITL2,TLM9,Southern Scotland,2008,24540
ITL2,TLM9,Southern Scotland,2009,23449
ITL2,TLM9,Southern Scotland,2010,23398
ITL2,TLM9,Southern Scotland,2011,23739
ITL2,TLM9,Southern Scotland,2012,23688
ITL2,TLM9,Southern Scotland,2013,24224
ITL2,TLM9,Southern Scotland,2014,24865
ITL2,TLM9,Southern Scotland,2015,24910
ITL2,TLM9,Southern Scotland,2016,24991
ITL2,TLM9,Southern Scotland,2017,25671
ITL2,TLM9,Southern Scotland,2018,25387
ITL2,TLM9,Southern Scotland,2019,25620
ITL2,TLM9,Southern Scotland,2020,22571
ITL2,TLM9,Southern Scotland,2021,24309
ITL2,TLM9,Southern Scotland,2022,24814
ITL2,TLM9,Southern Scotland,2023,25047
ITL3,TLM91,Scottish Borders,1998,2164
ITL3,TLM91,Scottish Borders,1999,2202
ITL3,TLM91,Scottish Borders,2000,2283
ITL3,TLM91,Scottish Borders,2001,2385
ITL3,TLM91,Scottish Borders,2002,2461
ITL3,TLM91,Scottish Borders,2003,2505
ITL3,TLM91,Scottish Borders,2004,2513
ITL3,TLM91,Scottish Borders,2005,2685
ITL3,TLM91,Scottish Borders,2006,2795
ITL3,TLM91,Scottish Borders,2007,2711
ITL3,TLM91,Scottish Borders,2008,2744
ITL3,TLM91,Scottish Borders,2009,2684
ITL3,TLM91,Scottish Borders,2010,2714
ITL3,TLM91,Scottish Borders,2011,2771
ITL3,TLM91,Scottish Borders,2012,2769
ITL3,TLM91,Scottish Borders,2013,2852
ITL3,TLM91,Scottish Borders,2014,3020
ITL3,TLM91,Scottish Borders,2015,3051
ITL3,TLM91,Scottish Borders,2016,3003
ITL3,TLM91,Scottish Borders,2017,3086
ITL3,TLM91,Scottish Borders,2018,3140
ITL3,TLM91,Scottish Borders,2019,3182
ITL3,TLM91,Scottish Borders,2020,2800
ITL3,TLM91,Scottish Borders,2021,3040
ITL3,TLM91,Scottish Borders,2022,3054
ITL3,TLM91,Scottish Borders,2023,3017
ITL3,TLM92,Dumfries and Galloway,1998,3511
ITL3,TLM92,Dumfries and Galloway,1999,3657
ITL3,TLM92,Dumfries and Galloway,2000,3806
ITL3,TLM92,Dumfries and Galloway,2001,3972
ITL3,TLM92,Dumfries and Galloway,2002,3966
ITL3,TLM92,Dumfries and Galloway,2003,4106
ITL3,TLM92,Dumfries and Galloway,2004,4165
ITL3,TLM92,Dumfries and Galloway,2005,4368
ITL3,TLM92,Dumfries and Galloway,2006,4445
ITL3,TLM92,Dumfries and Galloway,2007,4267
ITL3,TLM92,Dumfries and Galloway,2008,4380
ITL3,TLM92,Dumfries and Galloway,2009,4211
ITL3,TLM92,Dumfries and Galloway,2010,4115
ITL3,TLM92,Dumfries and Galloway,2011,4230
ITL3,TLM92,Dumfries and Galloway,2012,4224
ITL3,TLM92,Dumfries and Galloway,2013,4368
ITL3,TLM92,Dumfries and Galloway,2014,4553
ITL3,TLM92,Dumfries and Galloway,2015,4465
ITL3,TLM92,Dumfries and Galloway,2016,4470
ITL3,TLM92,Dumfries and Galloway,2017,4619
ITL3,TLM92,Dumfries and Galloway,2018,4501
ITL3,TLM92,Dumfries and Galloway,2019,4628
ITL3,TLM92,Dumfries and Galloway,2020,4066
ITL3,TLM92,Dumfries and Galloway,2021,4318
ITL3,TLM92,Dumfries and Galloway,2022,4338
ITL3,TLM92,Dumfries and Galloway,2023,4369
ITL3,TLM93,North Ayrshire and East Ayrshire,1998,4784
ITL3,TLM93,North Ayrshire and East Ayrshire,1999,4920
ITL3,TLM93,North Ayrshire and East Ayrshire,2000,4987
ITL3,TLM93,North Ayrshire and East Ayrshire,2001,5100
ITL3,TLM93,North Ayrshire and East Ayrshire,2002,4985
ITL3,TLM93,North Ayrshire and East Ayrshire,2003,5068
ITL3,TLM93,North Ayrshire and East Ayrshire,2004,5117
ITL3,TLM93,North Ayrshire and East Ayrshire,2005,5320
ITL3,TLM93,North Ayrshire and East Ayrshire,2006,5448
ITL3,TLM93,North Ayrshire and East Ayrshire,2007,5439
ITL3,TLM93,North Ayrshire and East Ayrshire,2008,5464
ITL3,TLM93,North Ayrshire and East Ayrshire,2009,5177
ITL3,TLM93,North Ayrshire and East Ayrshire,2010,5222
ITL3,TLM93,North Ayrshire and East Ayrshire,2011,5206
ITL3,TLM93,North Ayrshire and East Ayrshire,2012,5237
ITL3,TLM93,North Ayrshire and East Ayrshire,2013,5356
ITL3,TLM93,North Ayrshire and East Ayrshire,2014,5410
ITL3,TLM93,North Ayrshire and East Ayrshire,2015,5457
ITL3,TLM93,North Ayrshire and East Ayrshire,2016,5431
ITL3,TLM93,North Ayrshire and East Ayrshire,2017,5546
ITL3,TLM93,North Ayrshire and East Ayrshire,2018,5463
ITL3,TLM93,North Ayrshire and East Ayrshire,2019,5503
ITL3,TLM93,North Ayrshire and East Ayrshire,2020,5008
ITL3,TLM93,North Ayrshire and East Ayrshire,2021,5507
ITL3,TLM93,North Ayrshire and East Ayrshire,2022,5589
ITL3,TLM93,North Ayrshire and East Ayrshire,2023,5682
ITL3,TLM94,South Ayrshire,1998,2623
ITL3,TLM94,South Ayrshire,1999,2660
ITL3,TLM94,South Ayrshire,2000,2828
ITL3,TLM94,South Ayrshire,2001,2871
ITL3,TLM94,South Ayrshire,2002,2911
ITL3,TLM94,South Ayrshire,2003,2940
ITL3,TLM94,South Ayrshire,2004,3052
ITL3,TLM94,South Ayrshire,2005,3164
ITL3,TLM94,South Ayrshire,2006,3275
ITL3,TLM94,South Ayrshire,2007,3157
ITL3,TLM94,South Ayrshire,2008,3197
ITL3,TLM94,South Ayrshire,2009,3117
ITL3,TLM94,South Ayrshire,2010,3165
ITL3,TLM94,South Ayrshire,2011,3176
ITL3,TLM94,South Ayrshire,2012,3096
ITL3,TLM94,South Ayrshire,2013,3064
ITL3,TLM94,South Ayrshire,2014,3162
ITL3,TLM94,South Ayrshire,2015,3155
ITL3,TLM94,South Ayrshire,2016,3136
ITL3,TLM94,South Ayrshire,2017,3227
ITL3,TLM94,South Ayrshire,2018,3238
ITL3,TLM94,South Ayrshire,2019,3227
ITL3,TLM94,South Ayrshire,2020,2679
ITL3,TLM94,South Ayrshire,2021,2871
ITL3,TLM94,South Ayrshire,2022,3069
ITL3,TLM94,South Ayrshire,2023,3144
ITL3,TLM95,South Lanarkshire,1998,6948
ITL3,TLM95,South Lanarkshire,1999,7074
ITL3,TLM95,South Lanarkshire,2000,7143
ITL3,TLM95,South Lanarkshire,2001,7501
ITL3,TLM95,South Lanarkshire,2002,7616
ITL3,TLM95,South Lanarkshire,2003,7931
ITL3,TLM95,South Lanarkshire,2004,8083
ITL3,TLM95,South Lanarkshire,2005,8284
ITL3,TLM95,South Lanarkshire,2006,8703
ITL3,TLM95,South Lanarkshire,2007,8543
ITL3,TLM95,South Lanarkshire,2008,8625
ITL3,TLM95,South Lanarkshire,2009,8183
ITL3,TLM95,South Lanarkshire,2010,8168
ITL3,TLM95,South Lanarkshire,2011,8290
ITL3,TLM95,South Lanarkshire,2012,8359
ITL3,TLM95,South Lanarkshire,2013,8577
ITL3,TLM95,South Lanarkshire,2014,8691
ITL3,TLM95,South Lanarkshire,2015,8757
ITL3,TLM95,South Lanarkshire,2016,8924
ITL3,TLM95,South Lanarkshire,2017,9208
ITL3,TLM95,South Lanarkshire,2018,8998
ITL3,TLM95,South Lanarkshire,2019,9035
ITL3,TLM95,South Lanarkshire,2020,7964
ITL3,TLM95,South Lanarkshire,2021,8578
ITL3,TLM95,South Lanarkshire,2022,8764
ITL3,TLM95,South Lanarkshire,2023,8847
ITL1,TLN,Northern Ireland,1998,39705
ITL1,TLN,Northern Ireland,1999,41086
ITL1,TLN,Northern Ireland,2000,43692
ITL1,TLN,Northern Ireland,2001,45003
ITL1,TLN,Northern Ireland,2002,45424
ITL1,TLN,Northern Ireland,2003,47430
ITL1,TLN,Northern Ireland,2004,48479
ITL1,TLN,Northern Ireland,2005,50157
ITL1,TLN,Northern Ireland,2006,51578
ITL1,TLN,Northern Ireland,2007,51652
ITL1,TLN,Northern Ireland,2008,50366
ITL1,TLN,Northern Ireland,2009,48092
ITL1,TLN,Northern Ireland,2010,47421
ITL1,TLN,Northern Ireland,2011,48267
ITL1,TLN,Northern Ireland,2012,49042
ITL1,TLN,Northern Ireland,2013,49624
ITL1,TLN,Northern Ireland,2014,50465
ITL1,TLN,Northern Ireland,2015,51306
ITL1,TLN,Northern Ireland,2016,53175
ITL1,TLN,Northern Ireland,2017,54253
ITL1,TLN,Northern Ireland,2018,54422
ITL1,TLN,Northern Ireland,2019,55865
ITL1,TLN,Northern Ireland,2020,49640
ITL1,TLN,Northern Ireland,2021,55593
ITL1,TLN,Northern Ireland,2022,57558
ITL1,TLN,Northern Ireland,2023,58775
ITL2,TLN0,Northern Ireland,1998,39705
ITL2,TLN0,Northern Ireland,1999,41086
ITL2,TLN0,Northern Ireland,2000,43692
ITL2,TLN0,Northern Ireland,2001,45003
ITL2,TLN0,Northern Ireland,2002,45424
ITL2,TLN0,Northern Ireland,2003,47430
ITL2,TLN0,Northern Ireland,2004,48479
ITL2,TLN0,Northern Ireland,2005,50157
ITL2,TLN0,Northern Ireland,2006,51578
ITL2,TLN0,Northern Ireland,2007,51652
ITL2,TLN0,Northern Ireland,2008,50366
ITL2,TLN0,Northern Ireland,2009,48092
ITL2,TLN0,Northern Ireland,2010,47421
ITL2,TLN0,Northern Ireland,2011,48267
ITL2,TLN0,Northern Ireland,2012,49042
ITL2,TLN0,Northern Ireland,2013,49624
ITL2,TLN0,Northern Ireland,2014,50465
ITL2,TLN0,Northern Ireland,2015,51306
ITL2,TLN0,Northern Ireland,2016,53175
ITL2,TLN0,Northern Ireland,2017,54253
ITL2,TLN0,Northern Ireland,2018,54422
ITL2,TLN0,Northern Ireland,2019,55865
ITL2,TLN0,Northern Ireland,2020,49640
ITL2,TLN0,Northern Ireland,2021,55593
ITL2,TLN0,Northern Ireland,2022,57558
ITL2,TLN0,Northern Ireland,2023,58775
ITL3,TLN06,Belfast,1998,10801
ITL3,TLN06,Belfast,1999,11299
ITL3,TLN06,Belfast,2000,12069
ITL3,TLN06,Belfast,2001,12545
ITL3,TLN06,Belfast,2002,12699
ITL3,TLN06,Belfast,2003,13516
ITL3,TLN06,Belfast,2004,13934
ITL3,TLN06,Belfast,2005,14265
ITL3,TLN06,Belfast,2006,14585
ITL3,TLN06,Belfast,2007,14835
ITL3,TLN06,Belfast,2008,14613
ITL3,TLN06,Belfast,2009,14028
ITL3,TLN06,Belfast,2010,13603
ITL3,TLN06,Belfast,2011,13973
ITL3,TLN06,Belfast,2012,14043
ITL3,TLN06,Belfast,2013,14575
ITL3,TLN06,Belfast,2014,14514
ITL3,TLN06,Belfast,2015,14896
ITL3,TLN06,Belfast,2016,15691
ITL3,TLN06,Belfast,2017,16413
ITL3,TLN06,Belfast,2018,16539
ITL3,TLN06,Belfast,2019,16773
ITL3,TLN06,Belfast,2020,14729
ITL3,TLN06,Belfast,2021,17011
ITL3,TLN06,Belfast,2022,17673
ITL3,TLN06,Belfast,2023,18145
ITL3,TLN07,"Armagh City, Banbridge and Craigavon",1998,3343
ITL3,TLN07,"Armagh City, Banbridge and Craigavon",1999,3480
ITL3,TLN07,"Armagh City, Banbridge and Craigavon",2000,3675
ITL3,TLN07,"Armagh City, Banbridge and Craigavon",2001,3889
ITL3,TLN07,"Armagh City, Banbridge and Craigavon",2002,3891
ITL3,TLN07,"Armagh City, Banbridge and Craigavon",2003,4028
ITL3,TLN07,"Armagh City, Banbridge and Craigavon",2004,4131
ITL3,TLN07,"Armagh City, Banbridge and Craigavon",2005,4305
ITL3,TLN07,"Armagh City, Banbridge and Craigavon",2006,4463
ITL3,TLN07,"Armagh City, Banbridge and Craigavon",2007,4541
ITL3,TLN07,"Armagh City, Banbridge and Craigavon",2008,4401
ITL3,TLN07,"Armagh City, Banbridge and Craigavon",2009,4181
ITL3,TLN07,"Armagh City, Banbridge and Craigavon",2010,4185
ITL3,TLN07,"Armagh City, Banbridge and Craigavon",2011,4267
ITL3,TLN07,"Armagh City, Banbridge and Craigavon",2012,4298
ITL3,TLN07,"Armagh City, Banbridge and Craigavon",2013,4470
ITL3,TLN07,"Armagh City, Banbridge and Craigavon",2014,4657
ITL3,TLN07,"Armagh City, Banbridge and Craigavon",2015,4751
ITL3,TLN07,"Armagh City, Banbridge and Craigavon",2016,4991
ITL3,TLN07,"Armagh City, Banbridge and Craigavon",2017,5083
ITL3,TLN07,"Armagh City, Banbridge and Craigavon",2018,5249
ITL3,TLN07,"Armagh City, Banbridge and Craigavon",2019,5399
ITL3,TLN07,"Armagh City, Banbridge and Craigavon",2020,4724
ITL3,TLN07,"Armagh City, Banbridge and Craigavon",2021,5309
ITL3,TLN07,"Armagh City, Banbridge and Craigavon",2022,5478
ITL3,TLN07,"Armagh City, Banbridge and Craigavon",2023,5699
ITL3,TLN08,"Newry, Mourne and Down",1998,2859
ITL3,TLN08,"Newry, Mourne and Down",1999,2978
ITL3,TLN08,"Newry, Mourne and Down",2000,3136
ITL3,TLN08,"Newry, Mourne and Down",2001,3242
ITL3,TLN08,"Newry, Mourne and Down",2002,3254
ITL3,TLN08,"Newry, Mourne and Down",2003,3361
ITL3,TLN08,"Newry, Mourne and Down",2004,3445
ITL3,TLN08,"Newry, Mourne and Down",2005,3597
ITL3,TLN08,"Newry, Mourne and Down",2006,3688
ITL3,TLN08,"Newry, Mourne and Down",2007,3637
ITL3,TLN08,"Newry, Mourne and Down",2008,3591
ITL3,TLN08,"Newry, Mourne and Down",2009,3375
ITL3,TLN08,"Newry, Mourne and Down",2010,3347
ITL3,TLN08,"Newry, Mourne and Down",2011,3462
ITL3,TLN08,"Newry, Mourne and Down",2012,3534
ITL3,TLN08,"Newry, Mourne and Down",2013,3657
ITL3,TLN08,"Newry, Mourne and Down",2014,3834
ITL3,TLN08,"Newry, Mourne and Down",2015,3861
ITL3,TLN08,"Newry, Mourne and Down",2016,3975
ITL3,TLN08,"Newry, Mourne and Down",2017,4060
ITL3,TLN08,"Newry, Mourne and Down",2018,4107
ITL3,TLN08,"Newry, Mourne and Down",2019,4271
ITL3,TLN08,"Newry, Mourne and Down",2020,3826
ITL3,TLN08,"Newry, Mourne and Down",2021,4184
ITL3,TLN08,"Newry, Mourne and Down",2022,4342
ITL3,TLN08,"Newry, Mourne and Down",2023,4409
ITL3,TLN09,Ards and North Down,1998,2266
ITL3,TLN09,Ards and North Down,1999,2337
ITL3,TLN09,Ards and North Down,2000,2440
ITL3,TLN09,Ards and North Down,2001,2533
ITL3,TLN09,Ards and North Down,2002,2574
ITL3,TLN09,Ards and North Down,2003,2659
ITL3,TLN09,Ards and North Down,2004,2682
ITL3,TLN09,Ards and North Down,2005,2806
ITL3,TLN09,Ards and North Down,2006,2908
ITL3,TLN09,Ards and North Down,2007,2883
ITL3,TLN09,Ards and North Down,2008,2811
ITL3,TLN09,Ards and North Down,2009,2672
ITL3,TLN09,Ards and North Down,2010,2633
ITL3,TLN09,Ards and North Down,2011,2696
ITL3,TLN09,Ards and North Down,2012,2705
ITL3,TLN09,Ards and North Down,2013,2620
ITL3,TLN09,Ards and North Down,2014,2680
ITL3,TLN09,Ards and North Down,2015,2679
ITL3,TLN09,Ards and North Down,2016,2847
ITL3,TLN09,Ards and North Down,2017,2948
ITL3,TLN09,Ards and North Down,2018,2970
ITL3,TLN09,Ards and North Down,2019,2998
ITL3,TLN09,Ards and North Down,2020,2716
ITL3,TLN09,Ards and North Down,2021,2916
ITL3,TLN09,Ards and North Down,2022,2998
ITL3,TLN09,Ards and North Down,2023,3016
ITL3,TLN0A,Derry City and Strabane,1998,2455
ITL3,TLN0A,Derry City and Strabane,1999,2562
ITL3,TLN0A,Derry City and Strabane,2000,2668
ITL3,TLN0A,Derry City and Strabane,2001,2752
ITL3,TLN0A,Derry City and Strabane,2002,2770
ITL3,TLN0A,Derry City and Strabane,2003,3008
ITL3,TLN0A,Derry City and Strabane,2004,2991
ITL3,TLN0A,Derry City and Strabane,2005,3196
ITL3,TLN0A,Derry City and Strabane,2006,3287
ITL3,TLN0A,Derry City and Strabane,2007,3256
ITL3,TLN0A,Derry City and Strabane,2008,3276
ITL3,TLN0A,Derry City and Strabane,2009,3165
ITL3,TLN0A,Derry City and Strabane,2010,3134
ITL3,TLN0A,Derry City and Strabane,2011,3141
ITL3,TLN0A,Derry City and Strabane,2012,3228
ITL3,TLN0A,Derry City and Strabane,2013,3217
ITL3,TLN0A,Derry City and Strabane,2014,3259
ITL3,TLN0A,Derry City and Strabane,2015,3334
ITL3,TLN0A,Derry City and Strabane,2016,3465
ITL3,TLN0A,Derry City and Strabane,2017,3624
ITL3,TLN0A,Derry City and Strabane,2018,3643
ITL3,TLN0A,Derry City and Strabane,2019,3824
ITL3,TLN0A,Derry City and Strabane,2020,3503
ITL3,TLN0A,Derry City and Strabane,2021,3845
ITL3,TLN0A,Derry City and Strabane,2022,4020
ITL3,TLN0A,Derry City and Strabane,2023,3946
ITL3,TLN0B,Mid Ulster,1998,2930
ITL3,TLN0B,Mid Ulster,1999,3105
ITL3,TLN0B,Mid Ulster,2000,3354
ITL3,TLN0B,Mid Ulster,2001,3431
ITL3,TLN0B,Mid Ulster,2002,3433
ITL3,TLN0B,Mid Ulster,2003,3663
ITL3,TLN0B,Mid Ulster,2004,3742
ITL3,TLN0B,Mid Ulster,2005,3934
ITL3,TLN0B,Mid Ulster,2006,4090
ITL3,TLN0B,Mid Ulster,2007,4076
ITL3,TLN0B,Mid Ulster,2008,3790
ITL3,TLN0B,Mid Ulster,2009,3420
ITL3,TLN0B,Mid Ulster,2010,3532
ITL3,TLN0B,Mid Ulster,2011,3602
ITL3,TLN0B,Mid Ulster,2012,3623
ITL3,TLN0B,Mid Ulster,2013,3772
ITL3,TLN0B,Mid Ulster,2014,3944
ITL3,TLN0B,Mid Ulster,2015,3990
ITL3,TLN0B,Mid Ulster,2016,4120
ITL3,TLN0B,Mid Ulster,2017,4197
ITL3,TLN0B,Mid Ulster,2018,4418
ITL3,TLN0B,Mid Ulster,2019,4627
ITL3,TLN0B,Mid Ulster,2020,4105
ITL3,TLN0B,Mid Ulster,2021,4613
ITL3,TLN0B,Mid Ulster,2022,4834
ITL3,TLN0B,Mid Ulster,2023,4845
ITL3,TLN0C,Causeway Coast and Glens,1998,2185
ITL3,TLN0C,Causeway Coast and Glens,1999,2304
ITL3,TLN0C,Causeway Coast and Glens,2000,2531
ITL3,TLN0C,Causeway Coast and Glens,2001,2575
ITL3,TLN0C,Causeway Coast and Glens,2002,2618
ITL3,TLN0C,Causeway Coast and Glens,2003,2749
ITL3,TLN0C,Causeway Coast and Glens,2004,2777
ITL3,TLN0C,Causeway Coast and Glens,2005,2917
ITL3,TLN0C,Causeway Coast and Glens,2006,3054
ITL3,TLN0C,Causeway Coast and Glens,2007,3004
ITL3,TLN0C,Causeway Coast and Glens,2008,2905
ITL3,TLN0C,Causeway Coast and Glens,2009,2777
ITL3,TLN0C,Causeway Coast and Glens,2010,2780
ITL3,TLN0C,Causeway Coast and Glens,2011,2896
ITL3,TLN0C,Causeway Coast and Glens,2012,2916
ITL3,TLN0C,Causeway Coast and Glens,2013,2903
ITL3,TLN0C,Causeway Coast and Glens,2014,2927
ITL3,TLN0C,Causeway Coast and Glens,2015,2896
ITL3,TLN0C,Causeway Coast and Glens,2016,3028
ITL3,TLN0C,Causeway Coast and Glens,2017,3110
ITL3,TLN0C,Causeway Coast and Glens,2018,3015
ITL3,TLN0C,Causeway Coast and Glens,2019,3043
ITL3,TLN0C,Causeway Coast and Glens,2020,2641
ITL3,TLN0C,Causeway Coast and Glens,2021,2963
ITL3,TLN0C,Causeway Coast and Glens,2022,3087
ITL3,TLN0C,Causeway Coast and Glens,2023,3114
ITL3,TLN0D,Antrim and Newtownabbey,1998,2984
ITL3,TLN0D,Antrim and Newtownabbey,1999,3125
ITL3,TLN0D,Antrim and Newtownabbey,2000,3333
ITL3,TLN0D,Antrim and Newtownabbey,2001,3457
ITL3,TLN0D,Antrim and Newtownabbey,2002,3468
ITL3,TLN0D,Antrim and Newtownabbey,2003,3536
ITL3,TLN0D,Antrim and Newtownabbey,2004,3605
ITL3,TLN0D,Antrim and Newtownabbey,2005,3686
ITL3,TLN0D,Antrim and Newtownabbey,2006,3849
ITL3,TLN0D,Antrim and Newtownabbey,2007,3928
ITL3,TLN0D,Antrim and Newtownabbey,2008,3738
ITL3,TLN0D,Antrim and Newtownabbey,2009,3530
ITL3,TLN0D,Antrim and Newtownabbey,2010,3578
ITL3,TLN0D,Antrim and Newtownabbey,2011,3688
ITL3,TLN0D,Antrim and Newtownabbey,2012,3730
ITL3,TLN0D,Antrim and Newtownabbey,2013,3685
ITL3,TLN0D,Antrim and Newtownabbey,2014,3868
ITL3,TLN0D,Antrim and Newtownabbey,2015,3919
ITL3,TLN0D,Antrim and Newtownabbey,2016,3994
ITL3,TLN0D,Antrim and Newtownabbey,2017,4177
ITL3,TLN0D,Antrim and Newtownabbey,2018,4192
ITL3,TLN0D,Antrim and Newtownabbey,2019,4316
ITL3,TLN0D,Antrim and Newtownabbey,2020,3862
ITL3,TLN0D,Antrim and Newtownabbey,2021,4197
ITL3,TLN0D,Antrim and Newtownabbey,2022,4334
ITL3,TLN0D,Antrim and Newtownabbey,2023,4532
ITL3,TLN0E,Lisburn and Castlereagh,1998,2878
ITL3,TLN0E,Lisburn and Castlereagh,1999,2985
ITL3,TLN0E,Lisburn and Castlereagh,2000,3167
ITL3,TLN0E,Lisburn and Castlereagh,2001,3300
ITL3,TLN0E,Lisburn and Castlereagh,2002,3291
ITL3,TLN0E,Lisburn and Castlereagh,2003,3401
ITL3,TLN0E,Lisburn and Castlereagh,2004,3413
ITL3,TLN0E,Lisburn and Castlereagh,2005,3546
ITL3,TLN0E,Lisburn and Castlereagh,2006,3660
ITL3,TLN0E,Lisburn and Castlereagh,2007,3646
ITL3,TLN0E,Lisburn and Castlereagh,2008,3533
ITL3,TLN0E,Lisburn and Castlereagh,2009,3416
ITL3,TLN0E,Lisburn and Castlereagh,2010,3412
ITL3,TLN0E,Lisburn and Castlereagh,2011,3492
ITL3,TLN0E,Lisburn and Castlereagh,2012,3561
ITL3,TLN0E,Lisburn and Castlereagh,2013,3601
ITL3,TLN0E,Lisburn and Castlereagh,2014,3683
ITL3,TLN0E,Lisburn and Castlereagh,2015,3808
ITL3,TLN0E,Lisburn and Castlereagh,2016,3916
ITL3,TLN0E,Lisburn and Castlereagh,2017,3986
ITL3,TLN0E,Lisburn and Castlereagh,2018,4128
ITL3,TLN0E,Lisburn and Castlereagh,2019,4279
ITL3,TLN0E,Lisburn and Castlereagh,2020,3693
ITL3,TLN0E,Lisburn and Castlereagh,2021,4194
ITL3,TLN0E,Lisburn and Castlereagh,2022,4388
ITL3,TLN0E,Lisburn and Castlereagh,2023,4492
ITL3,TLN0F,Mid and East Antrim,1998,5089
ITL3,TLN0F,Mid and East Antrim,1999,4894
ITL3,TLN0F,Mid and East Antrim,2000,5120
ITL3,TLN0F,Mid and East Antrim,2001,4953
ITL3,TLN0F,Mid and East Antrim,2002,5112
ITL3,TLN0F,Mid and East Antrim,2003,5064
ITL3,TLN0F,Mid and East Antrim,2004,5248
ITL3,TLN0F,Mid and East Antrim,2005,5266
ITL3,TLN0F,Mid and East Antrim,2006,5258
ITL3,TLN0F,Mid and East Antrim,2007,5034
ITL3,TLN0F,Mid and East Antrim,2008,4967
ITL3,TLN0F,Mid and East Antrim,2009,5012
ITL3,TLN0F,Mid and East Antrim,2010,4869
ITL3,TLN0F,Mid and East Antrim,2011,4561
ITL3,TLN0F,Mid and East Antrim,2012,4832
ITL3,TLN0F,Mid and East Antrim,2013,4665
ITL3,TLN0F,Mid and East Antrim,2014,4381
ITL3,TLN0F,Mid and East Antrim,2015,4614
ITL3,TLN0F,Mid and East Antrim,2016,4291
ITL3,TLN0F,Mid and East Antrim,2017,3727
ITL3,TLN0F,Mid and East Antrim,2018,3186
ITL3,TLN0F,Mid and East Antrim,2019,3255
ITL3,TLN0F,Mid and East Antrim,2020,3016
ITL3,TLN0F,Mid and East Antrim,2021,3292
ITL3,TLN0F,Mid and East Antrim,2022,3316
ITL3,TLN0F,Mid and East Antrim,2023,3405
ITL3,TLN0G,Fermanagh and Omagh,1998,2036
ITL3,TLN0G,Fermanagh and Omagh,1999,2138
ITL3,TLN0G,Fermanagh and Omagh,2000,2274
ITL3,TLN0G,Fermanagh and Omagh,2001,2359
ITL3,TLN0G,Fermanagh and Omagh,2002,2388
ITL3,TLN0G,Fermanagh and Omagh,2003,2487
ITL3,TLN0G,Fermanagh and Omagh,2004,2541
ITL3,TLN0G,Fermanagh and Omagh,2005,2710
ITL3,TLN0G,Fermanagh and Omagh,2006,2766
ITL3,TLN0G,Fermanagh and Omagh,2007,2743
ITL3,TLN0G,Fermanagh and Omagh,2008,2682
ITL3,TLN0G,Fermanagh and Omagh,2009,2536
ITL3,TLN0G,Fermanagh and Omagh,2010,2542
ITL3,TLN0G,Fermanagh and Omagh,2011,2559
ITL3,TLN0G,Fermanagh and Omagh,2012,2650
ITL3,TLN0G,Fermanagh and Omagh,2013,2505
ITL3,TLN0G,Fermanagh and Omagh,2014,2653
ITL3,TLN0G,Fermanagh and Omagh,2015,2657
ITL3,TLN0G,Fermanagh and Omagh,2016,2789
ITL3,TLN0G,Fermanagh and Omagh,2017,2907
ITL3,TLN0G,Fermanagh and Omagh,2018,2975
ITL3,TLN0G,Fermanagh and Omagh,2019,3046
ITL3,TLN0G,Fermanagh and Omagh,2020,2759
ITL3,TLN0G,Fermanagh and Omagh,2021,3021
ITL3,TLN0G,Fermanagh and Omagh,2022,3089
ITL3,TLN0G,Fermanagh and Omagh,2023,3153
Other,TLZ,Extra-Regio,1998,209409
Other,TLZ,Extra-Regio,1999,209544
Other,TLZ,Extra-Regio,2000,192996
Other,TLZ,Extra-Regio,2001,180139
Other,TLZ,Extra-Regio,2002,171652
Other,TLZ,Extra-Regio,2003,161375
Other,TLZ,Extra-Regio,2004,150094
Other,TLZ,Extra-Regio,2005,133124
Other,TLZ,Extra-Regio,2006,111242
Other,TLZ,Extra-Regio,2007,102007
Other,TLZ,Extra-Regio,2008,91734
Other,TLZ,Extra-Regio,2009,84916
Other,TLZ,Extra-Regio,2010,73891
Other,TLZ,Extra-Regio,2011,53810
Other,TLZ,Extra-Regio,2012,43820
Other,TLZ,Extra-Regio,2013,37336
Other,TLZ,Extra-Regio,2014,37600
Other,TLZ,Extra-Regio,2015,39799
Other,TLZ,Extra-Regio,2016,46868
Other,TLZ,Extra-Regio,2017,44752
Other,TLZ,Extra-Regio,2018,46901
Other,TLZ,Extra-Regio,2019,47510
Other,TLZ,Extra-Regio,2020,47075
Other,TLZ,Extra-Regio,2021,37543
Other,TLZ,Extra-Regio,2022,37284
Other,TLZ,Extra-Regio,2023,32818
UK,UKX,United Kingdom less Extra-Regio,1998,1582476
UK,UKX,United Kingdom less Extra-Regio,1999,1629323
UK,UKX,United Kingdom less Extra-Regio,2000,1706338
UK,UKX,United Kingdom less Extra-Regio,2001,1753830
UK,UKX,United Kingdom less Extra-Regio,2002,1788971
UK,UKX,United Kingdom less Extra-Regio,2003,1849853
UK,UKX,United Kingdom less Extra-Regio,2004,1899700
UK,UKX,United Kingdom less Extra-Regio,2005,1957761
UK,UKX,United Kingdom less Extra-Regio,2006,2011752
UK,UKX,United Kingdom less Extra-Regio,2007,2071140
UK,UKX,United Kingdom less Extra-Regio,2008,2074333
UK,UKX,United Kingdom less Extra-Regio,2009,1987050
UK,UKX,United Kingdom less Extra-Regio,2010,2031392
UK,UKX,United Kingdom less Extra-Regio,2011,2060975
UK,UKX,United Kingdom less Extra-Regio,2012,2099900
UK,UKX,United Kingdom less Extra-Regio,2013,2141638
UK,UKX,United Kingdom less Extra-Regio,2014,2210567
UK,UKX,United Kingdom less Extra-Regio,2015,2258489
UK,UKX,United Kingdom less Extra-Regio,2016,2301414
UK,UKX,United Kingdom less Extra-Regio,2017,2362363
UK,UKX,United Kingdom less Extra-Regio,2018,2397511
UK,UKX,United Kingdom less Extra-Regio,2019,2436532
UK,UKX,United Kingdom less Extra-Regio,2020,2184762
UK,UKX,United Kingdom less Extra-Regio,2021,2375823
UK,UKX,United Kingdom less Extra-Regio,2022,2489144
UK,UKX,United Kingdom less Extra-Regio,2023,2499836
